DocumentId,Title,DocumentProvider,Filename,DocumentOriginalType,DocumentSizeInBytes,DocumentTypeAndConvertionCompletionStatus 1,DocumentTypeAndConvertionCompletionStatus 2,DocumentTypeAndConvertionCompletionStatus 3,DocumentTypeAndConvertionCompletionStatus 4,DocumentTypeAndConvertionCompletionStatus 5,HasBeenDeleted,EntryCreationDate
6D216F6E29B947A8804B74EC2651AF00,The Jasad Crown,Sara Hashem,The Jasad Crown.azw8,application/x-mobipocket-ebook,1511892,"documentOrigin = personal document","conversionStatus = finished","documentType = document","Not Available","Not Available","No","2026-02-11T08:08:27.503Z"
248BE4071CB94F2280C4930C085F03AA,The Jasad Crown,Sara Hashem,The Jasad Crown.azw8,application/x-mobi8-ebook,1511892,"documentOrigin = personal document","conversionStatus = finished","documentType = document","Not Available","Not Available","No","2026-02-11T08:05:46.616Z"
4ED3C87F5AA7450CAD2C6C8D2354EC41,The Jasad Crown,Sara Hashem,The Jasad Crown.azw8,application/x-mobipocket-ebook,1518660,"documentOrigin = personal document","conversionStatus = finished","documentType = document","Not Available","Not Available","No","2026-01-27T07:07:38.231Z"
19B3E1A0C08D4F828A835CC0580C675E,The Jasad Heir,Sara Hashem,The Jasad Heir.azw8,application/x-mobipocket-ebook,1016544,"documentOrigin = personal document","conversionStatus = finished","documentType = document","Not Available","Not Available","No","2026-01-27T07:07:25.879Z"
42661D548BA441B68265BD6CB2101F9D,terms & conditions,peachversace,terms & conditions.azw8,application/x-mobipocket-ebook,152040,"documentOrigin = personal document","conversionStatus = finished","documentType = document","Not Available","Not Available","No","2026-01-20T07:24:57.439Z"
66E13A43889B4FD68EC8281BF07FD1D4,Once Upon a Broken Heart,"Garber, Stephanie",Once Upon a Broken Heart.azw8,application/x-mobipocket-ebook,656856,"documentOrigin = personal document","conversionStatus = finished","documentType = document","Not Available","Not Available","No","2026-01-18T03:22:22.874Z"
847C8C95D06F4EC7A6E0439BA5EDA10C,something in the water,andypantsx3,something in the water.azw8,application/x-mobi8-ebook,161160,"documentOrigin = personal document","conversionStatus = finished","documentType = document","Not Available","Not Available","No","2026-01-13T03:33:43.565Z"
3C62C94C637A4554B4472B6174DB48CD,at the last stroke of midnight,lunastrea487,at the last stroke of midnight.azw8,application/x-mobi8-ebook,67804,"documentOrigin = personal document","conversionStatus = finished","documentType = document","Not Available","Not Available","No","2026-01-11T22:35:49.724Z"
FE4FCD4E0BAD4791A6BF7DE6F9DD3AC3,then came you,oeggchi,then came you.azw8,application/x-mobi8-ebook,88192,"documentOrigin = personal document","conversionStatus = finished","documentType = document","Not Available","Not Available","No","2026-01-11T22:34:45.610Z"
C5E55116FA1A46AFB2C5DFD300E475A8,The Hobbit,J. R. R. Tolkien,The Hobbit.azw8,application/x-mobipocket-ebook,1800308,"documentOrigin = personal document","conversionStatus = finished","documentType = document","Not Available","Not Available","No","2026-01-10T20:21:26.757Z"
8732060BABE2478D8323972071654979,The Hobbit - J. R. R. Tolkien,J. R. R. Tolkien,The Hobbit - J. R. R. Tolkien.azw8,application/x-mobipocket-ebook,1800308,"documentOrigin = personal document","conversionStatus = finished","documentType = document","Not Available","Not Available","No","2026-01-10T20:18:48.478Z"
DD25ACB7A5614CA19F10396C00773EBE,The Auction,LovesBitca8,The Auction.azw8,application/x-mobipocket-ebook,1533076,"documentOrigin = personal document","conversionStatus = finished","documentType = document","Not Available","Not Available","No","2026-01-03T02:26:07.751Z"
78E7887F8D2943A88F71739E98C89633,Manacled,senlinyu,Manacled.azw8,application/x-mobi8-ebook,3619092,"documentOrigin = personal document","conversionStatus = finished","documentType = document","Not Available","Not Available","No","2026-01-03T02:18:10.113Z"
2F883FEA625741178AEF4B1643608C21,Isolation,bexchan,Isolation.azw8,application/x-mobi8-ebook,1077956,"documentOrigin = personal document","conversionStatus = finished","documentType = document","Not Available","Not Available","No","2026-01-03T02:18:05.826Z"
85C2D0D1308A45B299F63F6F10BA5802,The Auction,LovesBitca8,The Auction.azw8,application/x-mobipocket-ebook,1533076,"documentOrigin = personal document","conversionStatus = finished","documentType = document","Not Available","Not Available","No","2026-01-03T02:17:53.497Z"
05B583E55E6E496F870ABD566734FAE8,Breath Mints Battle,Onyx_and_Elm,Breath Mints Battle.azw8,application/x-mobipocket-ebook,738564,"documentOrigin = personal document","conversionStatus = finished","documentType = document","Not Available","Not Available","No","2026-01-03T02:17:52.129Z"
AE78ED9C066E419387279F75CE4F3CAC,Presque Toujours Pur,ShayaLonnie,Presque Toujours Pur.azw8,application/x-mobipocket-ebook,665620,"documentOrigin = personal document","conversionStatus = finished","documentType = document","Not Available","Not Available","No","2026-01-03T02:17:47.427Z"
59A96E199C45437FA84D193F14C145BA,My Hero Academia Vol. 1,Kohei Horikoshi,My Hero Academia Vol. 1.azw3,application/x-mobipocket-ebook,44235792,"documentOrigin = personal document","conversionStatus = finished","documentType = document","Not Available","Not Available","No","2025-12-30T05:40:30.356Z"
29073688D73B4C11AACA6D3D2351B60D,Love Across Time,MasterJack,Love Across Time.azw8,application/x-mobipocket-ebook,91836,"documentOrigin = personal document","conversionStatus = finished","documentType = document","Not Available","Not Available","No","2025-12-29T10:53:50.141Z"
D5EFF15011854195B68281249C44311E,marked in your heart,rosesforthemoon,marked in your heart.azw8,application/x-mobipocket-ebook,286708,"documentOrigin = personal document","conversionStatus = finished","documentType = document","Not Available","Not Available","No","2025-12-29T10:53:41.951Z"
F90795984FFA4037926AA94851BCC0AA,The Moon’s Wane,Kikyo851,The Moon’s Wane.azw8,application/x-mobipocket-ebook,343528,"documentOrigin = personal document","conversionStatus = finished","documentType = document","Not Available","Not Available","No","2025-12-29T10:52:22.312Z"
89064185C5624DE4993C5079369DE20C,What Should Be (and What Should Have Been),LazyPerfectionist,What Should Be (and What Should Have Been).azw8,application/x-mobi8-ebook,147076,"documentOrigin = personal document","conversionStatus = finished","documentType = document","Not Available","Not Available","No","2025-12-28T01:03:04.983Z"
944C1DBCB6A8452299ABDDD7656B1103,The Return of the King,J. R. R. Tolkien,The Return of the King.azw8,application/x-mobi8-ebook,2732616,"documentOrigin = personal document","conversionStatus = finished","documentType = document","Not Available","Not Available","No","2025-12-27T23:13:54.503Z"
7EF02C65D8B14203AB2A79DF5F8D3B97,The Two Towers,J. R. R. Tolkien,The Two Towers.azw8,application/x-mobi8-ebook,1234940,"documentOrigin = personal document","conversionStatus = finished","documentType = document","Not Available","Not Available","No","2025-12-27T23:13:38.961Z"
B23959E258BA46A1953FB06A7D24AC54,The Fellowship of the Ring,J. R. R. Tolkien,The Fellowship of the Ring.azw8,application/x-mobi8-ebook,1689524,"documentOrigin = personal document","conversionStatus = finished","documentType = document","Not Available","Not Available","No","2025-12-27T23:12:32.300Z"
54A5A9B3503F4D9B9EF712B687F7E7B1,The Hobbit (Enhanced Edition),J. J. J. Tolkien,The Hobbit (Enhanced Edition).azw3,application/x-mobipocket-ebook,2989668,"documentOrigin = personal document","conversionStatus = finished","documentType = document","Not Available","Not Available","No","2025-12-27T23:06:46.247Z"
1BFD9C2CE04E41BE8F61D9D5FC8B2CE2,The Stolen Heir,Holly Black,The Stolen Heir.azw8,application/x-mobipocket-ebook,3468716,"documentOrigin = personal document","conversionStatus = finished","documentType = document","Not Available","Not Available","No","2025-12-27T22:56:21.666Z"
A1C6B344090845229203C819D000B053,The Beauty of Darkness,Mary E. Pearson,The Beauty of Darkness.azw8,application/x-mobipocket-ebook,713796,"documentOrigin = personal document","conversionStatus = finished","documentType = document","Not Available","Not Available","No","2025-12-27T22:48:53.465Z"
2310C0CF05DB4952BB8F183628E7D447,The Stolen Heir,Holly Black,The Stolen Heir.azw8,application/x-mobi8-ebook,893640,"documentOrigin = personal document","conversionStatus = finished","documentType = document","Not Available","Not Available","No","2025-12-27T22:48:02.389Z"
EE53B31620BE4474ACE4B9D7ED99E0BE,Dance of Thieves,Mary E. Pearson,Dance of Thieves.azw8,application/x-mobi8-ebook,853408,"documentOrigin = personal document","conversionStatus = finished","documentType = document","Not Available","Not Available","No","2025-12-27T22:37:03.256Z"
8692109AD459439F88FAE641650D6B75,The Ballad of Songbirds and Snakes,Suzanne Collins,The Ballad of Songbirds and Snakes.azw8,application/x-mobipocket-ebook,3722460,"documentOrigin = personal document","conversionStatus = finished","documentType = document","Not Available","Not Available","No","2025-12-27T22:37:00.355Z"
2F042D33F61C4DBF86334A6A66CA8517,Ruin and Rising,Leigh Bardugo,Ruin and Rising.azw8,application/x-mobipocket-ebook,786380,"documentOrigin = personal document","conversionStatus = finished","documentType = document","Not Available","Not Available","No","2025-12-27T22:36:44.670Z"
03B05E76226C4A548763F83B7CB38765,Morrighan,Mary E. Pearson,Morrighan.azw8,application/x-mobipocket-ebook,470556,"documentOrigin = personal document","conversionStatus = finished","documentType = document","Not Available","Not Available","No","2025-12-27T22:36:34.289Z"
65C58212CC5F48189DDE802340E7C3F4,Siege and Storm,Leigh Bardugo,Siege and Storm.azw8,application/x-mobi8-ebook,720332,"documentOrigin = personal document","conversionStatus = finished","documentType = document","Not Available","Not Available","No","2025-12-27T22:36:33.874Z"
5CDCAF71DB6D402D89E05B2260602B20,Shadow and Bone,Leigh Bardugo,Shadow and Bone.azw8,application/x-mobi8-ebook,681176,"documentOrigin = personal document","conversionStatus = finished","documentType = document","Not Available","Not Available","No","2025-12-27T22:36:32.469Z"
01CA9E9573B94A098A9DF27C38AAACEC,The Hunger Games,Suzanne Collins,The Hunger Games.azw8,application/x-mobipocket-ebook,554772,"documentOrigin = personal document","conversionStatus = finished","documentType = document","Not Available","Not Available","No","2025-12-27T22:36:30.846Z"
A36BEF5189814DAB8A04097CB0787E7A,Vow of Thieves,Mary E. Pearson,Vow of Thieves.azw8,application/x-mobipocket-ebook,980992,"documentOrigin = personal document","conversionStatus = finished","documentType = document","Not Available","Not Available","No","2025-12-27T22:36:29.844Z"
9798730B0A0840F3A918225EBC7D7921,Mockingjay,Suzanne Collins,Mockingjay.azw8,application/x-mobi8-ebook,456956,"documentOrigin = personal document","conversionStatus = finished","documentType = document","Not Available","Not Available","No","2025-12-27T22:36:28.742Z"
C731787A62844547A2F3FE3FEDD51E7F,Catching Fire,Suzanne Collins,Catching Fire.azw8,application/x-mobi8-ebook,581312,"documentOrigin = personal document","conversionStatus = finished","documentType = document","Not Available","Not Available","No","2025-12-27T22:36:18.538Z"
869557BDEFC34BD68FF084AC5D3B111C,The Kiss of Deception,Mary E. Pearson,The Kiss of Deception.azw8,application/x-mobipocket-ebook,657280,"documentOrigin = personal document","conversionStatus = finished","documentType = document","Not Available","Not Available","No","2025-12-27T22:36:18.316Z"
BD307ECAB3944A6F990D1BF37D044F3F,The Heart of Betrayal,Mary E. Pearson,The Heart of Betrayal.azw8,application/x-mobi8-ebook,646748,"documentOrigin = personal document","conversionStatus = finished","documentType = document","Not Available","Not Available","No","2025-12-27T22:36:17.718Z"
6EF0257BE7734B198CB0C4E0F7CBE8DF,Omniscient Reader's Viewpoint,Sing-shong (싱숑),Omniscient Reader's Viewpoint.azw8,application/x-mobipocket-ebook,4619008,"documentOrigin = personal document","conversionStatus = finished","documentType = document","Not Available","Not Available","No","2025-12-27T22:32:07.140Z"
ACF0EF92A5194775ABA66B73D2FCEA1A,Fourth Wing,Rebecca Yarros,Fourth Wing.azw8,application/x-mobipocket-ebook,1068648,"documentOrigin = personal document","conversionStatus = finished","documentType = document","Not Available","Not Available","No","2025-12-27T22:29:38.540Z"
65C2E1E36CB6476D85D08DA0BAB4315D,Heartless,Marissa Meyer,Heartless.azw8,application/x-mobipocket-ebook,840256,"documentOrigin = personal document","conversionStatus = finished","documentType = document","Not Available","Not Available","No","2025-12-27T22:29:25.844Z"
E83A0553E52F472DA92C7E7B52F9159B,Better Than the Movies,Lynn Painter,Better Than the Movies.azw8,application/x-mobi8-ebook,938124,"documentOrigin = personal document","conversionStatus = finished","documentType = document","Not Available","Not Available","No","2025-12-27T22:29:19.207Z"
9E7C41D495484AE0BC7A753584E976D1,You've Reached Sam,Dustin Thao,You've Reached Sam.azw8,application/x-mobipocket-ebook,709620,"documentOrigin = personal document","conversionStatus = finished","documentType = document","Not Available","Not Available","No","2025-12-27T22:29:14.162Z"
CFE33D83BD364DE69DAF9EFAF2E7C709,The Wicked King,Holly Black,The Wicked King.azw8,application/x-mobipocket-ebook,2374024,"documentOrigin = personal document","conversionStatus = finished","documentType = document","Not Available","Not Available","No","2025-12-27T22:23:55.211Z"
843B6E6378444886973A9D22D4817DB4,How the King of Elfhame Learned to Hate Stories,"Black, Holly",How the King of Elfhame Learned to Hate Stories.azw8,application/x-mobipocket-ebook,10136008,"documentOrigin = personal document","conversionStatus = finished","documentType = document","Not Available","Not Available","No","2025-12-27T22:23:52.923Z"
F908C1F52C9F428585D65801506FC36A,The Queen of Nothing,Holly Black,The Queen of Nothing.azw8,application/x-mobipocket-ebook,1329984,"documentOrigin = personal document","conversionStatus = finished","documentType = document","Not Available","Not Available","No","2025-12-27T22:23:40.577Z"
0371FD7659564EECBF5619A7A70F479F,The Cruel Prince,Holly Black,The Cruel Prince.azw8,application/x-mobi8-ebook,1936364,"documentOrigin = personal document","conversionStatus = finished","documentType = document","Not Available","Not Available","No","2025-12-27T22:23:24.532Z"
9F9F1C5535E44D82B9728140DE86EAEC,The Lost Sisters,Holly Black,The Lost Sisters.azw8,application/x-mobipocket-ebook,478924,"documentOrigin = personal document","conversionStatus = finished","documentType = document","Not Available","Not Available","No","2025-12-27T22:23:23.245Z"
502355FBE3F34444A578E8ACEB9E40A0,The Ballad of Never After,"Garber, Stephanie",The Ballad of Never After.azw8,application/x-mobipocket-ebook,1161856,"documentOrigin = personal document","conversionStatus = finished","documentType = document","Not Available","Not Available","No","2025-12-27T22:16:54.750Z"
076B6578B4384616B5880A1E8B7FFD1A,Caraval,Stephanie Garber,Caraval.azw8,application/x-mobi8-ebook,2529444,"documentOrigin = personal document","conversionStatus = finished","documentType = document","Not Available","Not Available","No","2025-12-27T22:16:50.200Z"
AECA91816536424CB079D9D08497A4EE,Finale,Stephanie Garber,Finale.azw8,application/x-mobipocket-ebook,862388,"documentOrigin = personal document","conversionStatus = finished","documentType = document","Not Available","Not Available","No","2025-12-27T22:16:37.727Z"
B8E8A2364D4C4B3F878376C7E1790EAD,Legendary,Stephanie Garber,Legendary.azw8,application/x-mobi8-ebook,894996,"documentOrigin = personal document","conversionStatus = finished","documentType = document","Not Available","Not Available","No","2025-12-27T22:16:33.138Z"
84E5C44F27ED4C06AC4253403B52E124,Once Upon a Broken Heart,"Garber, Stephanie",Once Upon a Broken Heart.azw8,application/x-mobi8-ebook,656856,"documentOrigin = personal document","conversionStatus = finished","documentType = document","Not Available","Not Available","No","2025-12-27T22:12:32.247Z"
9D197CFC8B0E49C2A5147DDA0EDB8CC9,Garber_Stephanie_-_Once_Upon_a_Broken_Heart_1_-_Once_Upon_a_Broken_Heart,"Garber, Stephanie",Garber_Stephanie_-_Once_Upon_a_Broken_Heart_1_-_Once_Upon_a_Broken_Heart.azw8,application/x-mobipocket-ebook,656856,"documentOrigin = personal document","conversionStatus = finished","documentType = document","Not Available","Not Available","No","2025-12-27T22:10:06.034Z"
9589E9ED671B4D09B1C63516FBBA6C6C,The Prisoner’s Throne,Holly Black,The Prisoner’s Throne.azw8,application/x-mobi8-ebook,847984,"documentOrigin = personal document","conversionStatus = finished","documentType = document","Not Available","Not Available","No","2025-12-27T21:48:06.014Z"
B3A043188AB34DF9A8FE43642BBB11A3,Frankenstein,Mary Shelley,Frankenstein.azw8,application/x-mobipocket-ebook,449524,"documentOrigin = personal document","conversionStatus = finished","documentType = document","Not Available","Not Available","No","2025-12-27T21:48:00.511Z"
1A09B927E0C74FABBDF6B99408596102,An Offer From a Gentleman,Julia Quinn,An Offer From a Gentleman.azw8,application/x-mobipocket-ebook,440476,"documentOrigin = personal document","conversionStatus = finished","documentType = document","Not Available","Not Available","No","2025-12-27T21:46:12.946Z"
788C854093B54A26B6AF2F1930E887D2,Wings of Starlight,Allison Saft,Wings of Starlight.azw8,application/x-mobi8-ebook,915276,"documentOrigin = personal document","conversionStatus = finished","documentType = document","Not Available","Not Available","No","2025-12-27T21:44:25.677Z"
6DB4151DF8904BC1A980E5D385DF1973,Sunrise on the Reaping,Suzanne Collins,Sunrise on the Reaping.azw8,application/x-mobipocket-ebook,1604540,"documentOrigin = personal document","conversionStatus = finished","documentType = document","Not Available","Not Available","No","2025-12-27T21:35:40.894Z"
