ASIN,end_time,personal_document_id,product_name,reading_marketplace,start_time,total_reading_milliseconds
Not Available,2026-02-19T02:43:38.003Z,1A09B927E0C74FABBDF6B99408596102,An Offer From a Gentleman,www.amazon.ca,2026-02-19T02:43:38.003Z,0
Not Available,2026-02-19T02:43:17.300Z,6D216F6E29B947A8804B74EC2651AF00,The Jasad Crown,www.amazon.ca,2026-02-19T02:43:14.200Z,3100
Not Available,2026-02-19T02:29:25.800Z,6D216F6E29B947A8804B74EC2651AF00,The Jasad Crown,www.amazon.ca,2026-02-19T02:29:13.700Z,12100
Not Available,2026-02-11T08:18:35.100Z,6D216F6E29B947A8804B74EC2651AF00,The Jasad Crown,www.amazon.ca,2026-02-11T08:18:21.300Z,13800
Not Available,2026-02-11T08:16:26.800Z,6D216F6E29B947A8804B74EC2651AF00,The Jasad Crown,www.amazon.ca,2026-02-11T08:16:24.800Z,2000
Not Available,2026-02-11T08:16:32.700Z,6D216F6E29B947A8804B74EC2651AF00,The Jasad Crown,www.amazon.ca,2026-02-11T08:16:01.300Z,31400
Not Available,2026-02-11T08:15:51.100Z,19B3E1A0C08D4F828A835CC0580C675E,The Jasad Heir,www.amazon.ca,2026-02-11T08:15:44.200Z,6900
Not Available,2026-02-11T08:14:13.700Z,6D216F6E29B947A8804B74EC2651AF00,The Jasad Crown,www.amazon.ca,2026-02-11T08:14:04.700Z,9000
Not Available,2026-02-11T08:13:48.300Z,4ED3C87F5AA7450CAD2C6C8D2354EC41,The Jasad Crown,www.amazon.ca,2026-02-11T08:13:36.400Z,11900
Not Available,2026-02-11T08:13:14.900Z,4ED3C87F5AA7450CAD2C6C8D2354EC41,The Jasad Crown,www.amazon.ca,2026-02-11T08:13:07.400Z,7500
Not Available,2026-02-11T08:13:06Z,6D216F6E29B947A8804B74EC2651AF00,The Jasad Crown,www.amazon.ca,2026-02-11T08:13:06Z,0
Not Available,2026-02-11T08:13:06.100Z,6D216F6E29B947A8804B74EC2651AF00,The Jasad Crown,www.amazon.ca,2026-02-11T08:11:56.100Z,70000
Not Available,2026-02-11T08:11:45.900Z,4ED3C87F5AA7450CAD2C6C8D2354EC41,The Jasad Crown,www.amazon.ca,2026-02-11T08:11:15.700Z,30200
Not Available,2026-02-11T08:11:14Z,6D216F6E29B947A8804B74EC2651AF00,The Jasad Crown,www.amazon.ca,2026-02-11T08:11:14Z,0
Not Available,2026-02-11T08:11:02.700Z,6D216F6E29B947A8804B74EC2651AF00,The Jasad Crown,www.amazon.ca,2026-02-11T08:10:44.600Z,18100
Not Available,2026-02-11T08:10:42.700Z,4ED3C87F5AA7450CAD2C6C8D2354EC41,The Jasad Crown,www.amazon.ca,2026-02-11T08:10:32.500Z,10200
Not Available,2026-02-11T08:10:30Z,6D216F6E29B947A8804B74EC2651AF00,The Jasad Crown,www.amazon.ca,2026-02-11T08:10:30Z,0
Not Available,2026-02-11T08:10:30.600Z,6D216F6E29B947A8804B74EC2651AF00,The Jasad Crown,www.amazon.ca,2026-02-11T08:10:24.600Z,6000
Not Available,2026-02-11T08:10:22.700Z,4ED3C87F5AA7450CAD2C6C8D2354EC41,The Jasad Crown,www.amazon.ca,2026-02-11T08:10:09.300Z,13400
Not Available,2026-02-11T08:10:08.200Z,6D216F6E29B947A8804B74EC2651AF00,The Jasad Crown,www.amazon.ca,2026-02-11T08:10:05Z,3200
Not Available,2026-02-11T08:10:03Z,6D216F6E29B947A8804B74EC2651AF00,The Jasad Crown,www.amazon.ca,2026-02-11T08:10:03Z,0
Not Available,2026-02-11T08:10:03.300Z,6D216F6E29B947A8804B74EC2651AF00,The Jasad Crown,www.amazon.ca,2026-02-11T08:09:39.500Z,23800
Not Available,2026-02-11T08:09:32.300Z,4ED3C87F5AA7450CAD2C6C8D2354EC41,The Jasad Crown,www.amazon.ca,2026-02-11T08:09:28.100Z,4200
Not Available,2026-02-11T08:09:18.800Z,4ED3C87F5AA7450CAD2C6C8D2354EC41,The Jasad Crown,www.amazon.ca,2026-02-11T08:09:01.700Z,17100
Not Available,2026-02-11T08:09:00Z,6D216F6E29B947A8804B74EC2651AF00,The Jasad Crown,www.amazon.ca,2026-02-11T08:09:00Z,0
Not Available,2026-02-11T08:09:00.100Z,6D216F6E29B947A8804B74EC2651AF00,The Jasad Crown,www.amazon.ca,2026-02-11T08:08:52.400Z,7700
Not Available,2026-02-11T08:05:42.400Z,4ED3C87F5AA7450CAD2C6C8D2354EC41,The Jasad Crown,www.amazon.ca,2026-02-11T08:05:36.900Z,5500
Not Available,2026-02-11T07:58:54Z,4ED3C87F5AA7450CAD2C6C8D2354EC41,The Jasad Crown,www.amazon.ca,2026-02-11T07:58:54Z,0
Not Available,2026-02-11T07:58:54.800Z,4ED3C87F5AA7450CAD2C6C8D2354EC41,The Jasad Crown,www.amazon.ca,2026-02-11T07:52:44.800Z,370000
Not Available,2026-02-11T07:52:43Z,19B3E1A0C08D4F828A835CC0580C675E,The Jasad Heir,www.amazon.ca,2026-02-11T07:52:43Z,0
Not Available,2026-02-11T07:52:43.700Z,19B3E1A0C08D4F828A835CC0580C675E,The Jasad Heir,www.amazon.ca,2026-02-11T07:52:21.800Z,21900
Not Available,2026-02-11T07:52:20.600Z,4ED3C87F5AA7450CAD2C6C8D2354EC41,The Jasad Crown,www.amazon.ca,2026-02-11T07:52:15.500Z,5100
Not Available,2026-02-11T07:52:13.100Z,19B3E1A0C08D4F828A835CC0580C675E,The Jasad Heir,www.amazon.ca,2026-02-11T07:52:05.700Z,7400
Not Available,2026-02-11T07:50:38.200Z,4ED3C87F5AA7450CAD2C6C8D2354EC41,The Jasad Crown,www.amazon.ca,2026-02-11T07:44:45Z,353200
Not Available,2026-02-11T07:44:37.600Z,4ED3C87F5AA7450CAD2C6C8D2354EC41,The Jasad Crown,www.amazon.ca,2026-02-11T07:36:03.100Z,514500
Not Available,2026-02-11T07:36:01.900Z,4ED3C87F5AA7450CAD2C6C8D2354EC41,The Jasad Crown,www.amazon.ca,2026-02-11T07:26:44.800Z,557100
Not Available,2026-02-11T07:25:58.200Z,4ED3C87F5AA7450CAD2C6C8D2354EC41,The Jasad Crown,www.amazon.ca,2026-02-11T07:15:29.800Z,628400
Not Available,2026-02-11T07:15:21.900Z,19B3E1A0C08D4F828A835CC0580C675E,The Jasad Heir,www.amazon.ca,2026-02-11T05:27:02.500Z,6499400
Not Available,2026-02-11T02:22:53.400Z,19B3E1A0C08D4F828A835CC0580C675E,The Jasad Heir,www.amazon.ca,2026-02-11T02:12:53.600Z,599800
Not Available,2026-02-10T21:35:25.500Z,19B3E1A0C08D4F828A835CC0580C675E,The Jasad Heir,www.amazon.ca,2026-02-10T21:31:06.500Z,259000
Not Available,2026-02-10T07:59:33.800Z,19B3E1A0C08D4F828A835CC0580C675E,The Jasad Heir,www.amazon.ca,2026-02-10T07:59:23.500Z,10300
Not Available,2026-02-10T07:04:49.500Z,19B3E1A0C08D4F828A835CC0580C675E,The Jasad Heir,www.amazon.ca,2026-02-10T06:54:49.600Z,599900
Not Available,2026-02-10T06:52:35.200Z,19B3E1A0C08D4F828A835CC0580C675E,The Jasad Heir,www.amazon.ca,2026-02-10T06:17:47.800Z,2087400
Not Available,2026-02-09T09:30:25.500Z,19B3E1A0C08D4F828A835CC0580C675E,The Jasad Heir,www.amazon.ca,2026-02-09T09:30:21.200Z,4300
Not Available,2026-02-09T08:22:31.200Z,19B3E1A0C08D4F828A835CC0580C675E,The Jasad Heir,www.amazon.ca,2026-02-09T07:28:28.300Z,3242900
Not Available,2026-02-09T06:12:18.200Z,19B3E1A0C08D4F828A835CC0580C675E,The Jasad Heir,www.amazon.ca,2026-02-09T06:11:49.800Z,28400
Not Available,2026-02-09T05:22:51.100Z,19B3E1A0C08D4F828A835CC0580C675E,The Jasad Heir,www.amazon.ca,2026-02-09T05:06:08Z,1003100
Not Available,2026-02-09T04:57:57.127Z,4ED3C87F5AA7450CAD2C6C8D2354EC41,The Jasad Crown,www.amazon.ca,2026-02-09T04:57:57.127Z,0
Not Available,2026-02-09T04:57:59.800Z,4ED3C87F5AA7450CAD2C6C8D2354EC41,The Jasad Crown,www.amazon.ca,2026-02-09T04:57:40.800Z,19000
Not Available,2026-02-09T05:05:44.200Z,19B3E1A0C08D4F828A835CC0580C675E,The Jasad Heir,www.amazon.ca,2026-02-09T04:52:39.200Z,785000
Not Available,2026-02-09T04:52:30.200Z,4ED3C87F5AA7450CAD2C6C8D2354EC41,The Jasad Crown,www.amazon.ca,2026-02-09T04:51:56.300Z,33900
Not Available,2026-02-09T04:51:51.900Z,4ED3C87F5AA7450CAD2C6C8D2354EC41,The Jasad Crown,www.amazon.ca,2026-02-09T04:50:51.200Z,60700
Not Available,2026-02-09T04:50:07.700Z,19B3E1A0C08D4F828A835CC0580C675E,The Jasad Heir,www.amazon.ca,2026-02-09T04:07:36.500Z,2551200
Not Available,2026-02-09T02:36:23.100Z,19B3E1A0C08D4F828A835CC0580C675E,The Jasad Heir,www.amazon.ca,2026-02-09T02:05:32Z,1851100
Not Available,2026-02-09T02:03:03.200Z,19B3E1A0C08D4F828A835CC0580C675E,The Jasad Heir,www.amazon.ca,2026-02-09T01:35:34.400Z,1648800
Not Available,2026-02-09T01:21:55.500Z,19B3E1A0C08D4F828A835CC0580C675E,The Jasad Heir,www.amazon.ca,2026-02-09T00:32:28Z,2967500
Not Available,2026-02-09T00:29:37.900Z,19B3E1A0C08D4F828A835CC0580C675E,The Jasad Heir,www.amazon.ca,2026-02-08T23:58:32.100Z,1865800
Not Available,2026-02-08T23:49:01.400Z,19B3E1A0C08D4F828A835CC0580C675E,The Jasad Heir,www.amazon.ca,2026-02-08T23:10:10.500Z,2330900
Not Available,2026-02-08T23:10:07Z,19B3E1A0C08D4F828A835CC0580C675E,The Jasad Heir,www.amazon.ca,2026-02-08T22:57:17.900Z,769100
Not Available,2026-02-08T22:25:13.500Z,19B3E1A0C08D4F828A835CC0580C675E,The Jasad Heir,www.amazon.ca,2026-02-08T22:19:29.500Z,344000
Not Available,2026-02-08T20:53:56.800Z,19B3E1A0C08D4F828A835CC0580C675E,The Jasad Heir,www.amazon.ca,2026-02-08T20:45:08.600Z,528200
Not Available,2026-02-08T09:53:03.700Z,19B3E1A0C08D4F828A835CC0580C675E,The Jasad Heir,www.amazon.ca,2026-02-08T09:27:08.900Z,1554800
Not Available,2026-02-08T09:20:56.400Z,19B3E1A0C08D4F828A835CC0580C675E,The Jasad Heir,www.amazon.ca,2026-02-08T08:41:21Z,2375400
Not Available,2026-02-08T08:37:01.300Z,19B3E1A0C08D4F828A835CC0580C675E,The Jasad Heir,www.amazon.ca,2026-02-08T08:30:15.100Z,406200
Not Available,2026-02-08T07:53:21Z,19B3E1A0C08D4F828A835CC0580C675E,The Jasad Heir,www.amazon.ca,2026-02-08T07:40:31.100Z,769900
Not Available,2026-02-08T07:32:52.200Z,19B3E1A0C08D4F828A835CC0580C675E,The Jasad Heir,www.amazon.ca,2026-02-08T06:53:30.300Z,2361900
Not Available,2026-02-08T06:19:33.400Z,19B3E1A0C08D4F828A835CC0580C675E,The Jasad Heir,www.amazon.ca,2026-02-08T06:08:37.500Z,655900
Not Available,2026-02-08T04:10:06.200Z,19B3E1A0C08D4F828A835CC0580C675E,The Jasad Heir,www.amazon.ca,2026-02-08T03:53:43.300Z,982900
Not Available,2026-02-08T03:13:54.700Z,19B3E1A0C08D4F828A835CC0580C675E,The Jasad Heir,www.amazon.ca,2026-02-08T02:56:45.600Z,1029100
Not Available,2026-02-08T02:03:03.400Z,19B3E1A0C08D4F828A835CC0580C675E,The Jasad Heir,www.amazon.ca,2026-02-08T01:53:03.500Z,599900
Not Available,2026-02-07T23:54:43.200Z,19B3E1A0C08D4F828A835CC0580C675E,The Jasad Heir,www.amazon.ca,2026-02-07T23:38:34.800Z,968400
Not Available,2026-02-07T23:07:08.700Z,19B3E1A0C08D4F828A835CC0580C675E,The Jasad Heir,www.amazon.ca,2026-02-07T22:43:32.500Z,1416200
Not Available,2026-02-07T22:41:16.300Z,19B3E1A0C08D4F828A835CC0580C675E,The Jasad Heir,www.amazon.ca,2026-02-07T21:57:07.500Z,2648800
Not Available,2026-02-07T19:53:13.300Z,19B3E1A0C08D4F828A835CC0580C675E,The Jasad Heir,www.amazon.ca,2026-02-07T18:48:28.900Z,3884400
Not Available,2026-02-07T09:15:55.400Z,19B3E1A0C08D4F828A835CC0580C675E,The Jasad Heir,www.amazon.ca,2026-02-07T08:55:53.800Z,1201600
Not Available,2026-02-07T08:55:41Z,1A09B927E0C74FABBDF6B99408596102,An Offer From a Gentleman,www.amazon.ca,2026-02-07T08:55:41Z,0
Not Available,2026-02-07T07:46:21.500Z,19B3E1A0C08D4F828A835CC0580C675E,The Jasad Heir,www.amazon.ca,2026-02-07T07:12:41.400Z,2020100
Not Available,2026-02-07T06:54:06.400Z,19B3E1A0C08D4F828A835CC0580C675E,The Jasad Heir,www.amazon.ca,2026-02-07T06:43:19.400Z,647000
Not Available,2026-02-07T06:32:24.700Z,19B3E1A0C08D4F828A835CC0580C675E,The Jasad Heir,www.amazon.ca,2026-02-07T05:56:34.400Z,2150300
Not Available,2026-02-07T05:32:17Z,19B3E1A0C08D4F828A835CC0580C675E,The Jasad Heir,www.amazon.ca,2026-02-07T05:22:56.700Z,560300
Not Available,2026-02-07T05:21:50.800Z,19B3E1A0C08D4F828A835CC0580C675E,The Jasad Heir,www.amazon.ca,2026-02-07T04:46:10.500Z,2140300
Not Available,2026-02-07T03:32:46.900Z,19B3E1A0C08D4F828A835CC0580C675E,The Jasad Heir,www.amazon.ca,2026-02-07T03:32:40.500Z,6400
Not Available,2026-02-07T03:02:44.300Z,19B3E1A0C08D4F828A835CC0580C675E,The Jasad Heir,www.amazon.ca,2026-02-07T02:44:40.700Z,1083600
Not Available,2026-02-06T21:52:44.900Z,19B3E1A0C08D4F828A835CC0580C675E,The Jasad Heir,www.amazon.ca,2026-02-06T21:26:57.500Z,1547400
Not Available,2026-02-06T07:29:50.300Z,19B3E1A0C08D4F828A835CC0580C675E,The Jasad Heir,www.amazon.ca,2026-02-06T06:50:41.100Z,2349200
Not Available,2026-02-06T06:50:24.300Z,19B3E1A0C08D4F828A835CC0580C675E,The Jasad Heir,www.amazon.ca,2026-02-06T06:40:24.400Z,599900
Not Available,2026-02-06T06:21:34Z,19B3E1A0C08D4F828A835CC0580C675E,The Jasad Heir,www.amazon.ca,2026-02-06T05:20:02.300Z,3691700
Not Available,2026-02-06T04:56:32.700Z,19B3E1A0C08D4F828A835CC0580C675E,The Jasad Heir,www.amazon.ca,2026-02-06T04:30:24.700Z,1568000
Not Available,2026-02-05T21:57:18.600Z,19B3E1A0C08D4F828A835CC0580C675E,The Jasad Heir,www.amazon.ca,2026-02-05T21:30:03.400Z,1635200
Not Available,2026-02-05T09:08:05.900Z,19B3E1A0C08D4F828A835CC0580C675E,The Jasad Heir,www.amazon.ca,2026-02-05T09:07:59.800Z,6100
Not Available,2026-02-05T09:07:52.600Z,19B3E1A0C08D4F828A835CC0580C675E,The Jasad Heir,www.amazon.ca,2026-02-05T09:07:25.500Z,27100
Not Available,2026-02-05T07:14:45Z,19B3E1A0C08D4F828A835CC0580C675E,The Jasad Heir,www.amazon.ca,2026-02-05T07:04:22.700Z,622300
Not Available,2026-02-05T07:01:10.500Z,19B3E1A0C08D4F828A835CC0580C675E,The Jasad Heir,www.amazon.ca,2026-02-05T06:45:17.900Z,952600
Not Available,2026-02-05T05:45:27Z,19B3E1A0C08D4F828A835CC0580C675E,The Jasad Heir,www.amazon.ca,2026-02-05T04:46:19.100Z,3547900
Not Available,2026-02-05T03:52:32.500Z,19B3E1A0C08D4F828A835CC0580C675E,The Jasad Heir,www.amazon.ca,2026-02-05T03:30:18.200Z,1334300
Not Available,2026-02-05T02:29:27.900Z,19B3E1A0C08D4F828A835CC0580C675E,The Jasad Heir,www.amazon.ca,2026-02-05T02:28:41.200Z,46700
Not Available,2026-02-04T22:23:44.400Z,19B3E1A0C08D4F828A835CC0580C675E,The Jasad Heir,www.amazon.ca,2026-02-04T22:23:03.700Z,40700
Not Available,2026-02-04T22:00:07.100Z,19B3E1A0C08D4F828A835CC0580C675E,The Jasad Heir,www.amazon.ca,2026-02-04T21:25:05.100Z,2102000
Not Available,2026-02-04T08:25:22.600Z,19B3E1A0C08D4F828A835CC0580C675E,The Jasad Heir,www.amazon.ca,2026-02-04T08:25:14.600Z,8000
Not Available,2026-02-04T08:24:54.200Z,19B3E1A0C08D4F828A835CC0580C675E,The Jasad Heir,www.amazon.ca,2026-02-04T08:04:30.800Z,1223400
Not Available,2026-02-04T07:58:08Z,19B3E1A0C08D4F828A835CC0580C675E,The Jasad Heir,www.amazon.ca,2026-02-04T07:08:31.300Z,2976700
Not Available,2026-02-04T06:40:52.200Z,19B3E1A0C08D4F828A835CC0580C675E,The Jasad Heir,www.amazon.ca,2026-02-04T06:19:10.600Z,1301600
Not Available,2026-02-03T08:53:28.800Z,19B3E1A0C08D4F828A835CC0580C675E,The Jasad Heir,www.amazon.ca,2026-02-03T08:53:24.400Z,4400
Not Available,2026-02-03T07:54:24.800Z,19B3E1A0C08D4F828A835CC0580C675E,The Jasad Heir,www.amazon.ca,2026-02-03T07:28:08.200Z,1576600
Not Available,2026-02-03T07:17:36.500Z,19B3E1A0C08D4F828A835CC0580C675E,The Jasad Heir,www.amazon.ca,2026-02-03T07:08:33.900Z,542600
Not Available,2026-02-03T07:01:22Z,19B3E1A0C08D4F828A835CC0580C675E,The Jasad Heir,www.amazon.ca,2026-02-03T06:50:33.700Z,648300
Not Available,2026-02-03T06:50:31.900Z,1A09B927E0C74FABBDF6B99408596102,An Offer From a Gentleman,www.amazon.ca,2026-02-03T06:47:03Z,208900
Not Available,2026-02-03T06:46:50.200Z,19B3E1A0C08D4F828A835CC0580C675E,The Jasad Heir,www.amazon.ca,2026-02-03T06:46:44.400Z,5800
Not Available,2026-02-03T06:46:41.100Z,19B3E1A0C08D4F828A835CC0580C675E,The Jasad Heir,www.amazon.ca,2026-02-03T06:36:41.200Z,599900
Not Available,2026-02-02T07:50:34.600Z,19B3E1A0C08D4F828A835CC0580C675E,The Jasad Heir,www.amazon.ca,2026-02-02T07:08:13.600Z,2541000
Not Available,2026-02-02T05:45:28.400Z,19B3E1A0C08D4F828A835CC0580C675E,The Jasad Heir,www.amazon.ca,2026-02-02T05:45:19Z,9400
Not Available,2026-02-02T05:45:17.500Z,19B3E1A0C08D4F828A835CC0580C675E,The Jasad Heir,www.amazon.ca,2026-02-02T05:16:20.600Z,1736900
Not Available,2026-02-02T04:44:20.700Z,1A09B927E0C74FABBDF6B99408596102,An Offer From a Gentleman,www.amazon.ca,2026-02-02T04:44:14.400Z,6300
Not Available,2026-02-02T04:44:12.900Z,19B3E1A0C08D4F828A835CC0580C675E,The Jasad Heir,www.amazon.ca,2026-02-02T04:43:54.900Z,18000
Not Available,2026-02-02T02:53:56.888Z,1A09B927E0C74FABBDF6B99408596102,An Offer From a Gentleman,www.amazon.ca,2026-02-02T02:53:56.888Z,0
Not Available,2026-02-02T01:43:03.700Z,19B3E1A0C08D4F828A835CC0580C675E,The Jasad Heir,www.amazon.ca,2026-02-02T01:24:28.500Z,1115200
Not Available,2026-02-02T00:57:45.300Z,19B3E1A0C08D4F828A835CC0580C675E,The Jasad Heir,www.amazon.ca,2026-02-02T00:56:42.200Z,63100
Not Available,2026-02-02T00:39:24.800Z,19B3E1A0C08D4F828A835CC0580C675E,The Jasad Heir,www.amazon.ca,2026-02-02T00:26:30.800Z,774000
Not Available,2026-02-01T23:39:36.200Z,19B3E1A0C08D4F828A835CC0580C675E,The Jasad Heir,www.amazon.ca,2026-02-01T23:19:03.300Z,1232900
Not Available,2026-02-01T23:08:45.500Z,19B3E1A0C08D4F828A835CC0580C675E,The Jasad Heir,www.amazon.ca,2026-02-01T22:59:03.200Z,582300
Not Available,2026-02-01T22:47:15.800Z,19B3E1A0C08D4F828A835CC0580C675E,The Jasad Heir,www.amazon.ca,2026-02-01T22:41:01.400Z,374400
Not Available,2026-02-01T22:29:18.900Z,1A09B927E0C74FABBDF6B99408596102,An Offer From a Gentleman,www.amazon.ca,2026-02-01T22:18:23.200Z,655700
Not Available,2026-02-01T20:28:43.400Z,1A09B927E0C74FABBDF6B99408596102,An Offer From a Gentleman,www.amazon.ca,2026-02-01T19:50:54.500Z,2268900
Not Available,2026-02-01T09:04:10.900Z,1A09B927E0C74FABBDF6B99408596102,An Offer From a Gentleman,www.amazon.ca,2026-02-01T08:23:11.900Z,2459000
Not Available,2026-02-01T08:10:35.900Z,1A09B927E0C74FABBDF6B99408596102,An Offer From a Gentleman,www.amazon.ca,2026-02-01T07:54:37.500Z,958400
Not Available,2026-02-01T07:18:48.800Z,1A09B927E0C74FABBDF6B99408596102,An Offer From a Gentleman,www.amazon.ca,2026-02-01T07:14:47.800Z,241000
Not Available,2026-02-01T07:14:46.300Z,19B3E1A0C08D4F828A835CC0580C675E,The Jasad Heir,www.amazon.ca,2026-02-01T07:14:19.600Z,26700
Not Available,2026-02-01T07:14:18.200Z,1A09B927E0C74FABBDF6B99408596102,An Offer From a Gentleman,www.amazon.ca,2026-02-01T07:14:04.800Z,13400
Not Available,2026-02-01T07:14:03.200Z,1A09B927E0C74FABBDF6B99408596102,An Offer From a Gentleman,www.amazon.ca,2026-02-01T06:52:11.300Z,1311900
Not Available,2026-02-01T06:52:09.900Z,19B3E1A0C08D4F828A835CC0580C675E,The Jasad Heir,www.amazon.ca,2026-02-01T06:50:57.500Z,72400
Not Available,2026-02-01T06:50:49.200Z,1A09B927E0C74FABBDF6B99408596102,An Offer From a Gentleman,www.amazon.ca,2026-02-01T06:22:40.700Z,1688500
Not Available,2026-02-01T06:22:35.300Z,1A09B927E0C74FABBDF6B99408596102,An Offer From a Gentleman,www.amazon.ca,2026-02-01T06:22:04.600Z,30700
Not Available,2026-02-01T02:29:03.100Z,1A09B927E0C74FABBDF6B99408596102,An Offer From a Gentleman,www.amazon.ca,2026-02-01T02:11:20.400Z,1062700
Not Available,2026-01-31T20:10:12.900Z,1A09B927E0C74FABBDF6B99408596102,An Offer From a Gentleman,www.amazon.ca,2026-01-31T19:59:46.600Z,626300
Not Available,2026-01-29T07:28:43.200Z,19B3E1A0C08D4F828A835CC0580C675E,The Jasad Heir,www.amazon.ca,2026-01-29T07:28:33.300Z,9900
Not Available,2026-01-29T06:45:35.100Z,19B3E1A0C08D4F828A835CC0580C675E,The Jasad Heir,www.amazon.ca,2026-01-29T06:25:34.300Z,1200800
Not Available,2026-01-29T06:22:23.900Z,19B3E1A0C08D4F828A835CC0580C675E,The Jasad Heir,www.amazon.ca,2026-01-29T06:22:17.400Z,6500
Not Available,2026-01-29T06:20:07Z,19B3E1A0C08D4F828A835CC0580C675E,The Jasad Heir,www.amazon.ca,2026-01-29T06:20:07Z,0
Not Available,2026-01-29T06:01:51.900Z,19B3E1A0C08D4F828A835CC0580C675E,The Jasad Heir,www.amazon.ca,2026-01-29T06:01:47.800Z,4100
Not Available,2026-01-29T06:01:46.600Z,19B3E1A0C08D4F828A835CC0580C675E,The Jasad Heir,www.amazon.ca,2026-01-29T05:46:29.500Z,917100
Not Available,2026-01-28T08:39:02.600Z,19B3E1A0C08D4F828A835CC0580C675E,The Jasad Heir,www.amazon.ca,2026-01-28T08:39:00.600Z,2000
Not Available,2026-01-28T07:18:24.300Z,19B3E1A0C08D4F828A835CC0580C675E,The Jasad Heir,www.amazon.ca,2026-01-28T06:53:32.400Z,1491900
Not Available,2026-01-28T06:53:26Z,B8E8A2364D4C4B3F878376C7E1790EAD,Legendary,www.amazon.ca,2026-01-28T06:53:26Z,0
Not Available,2026-01-28T06:53:26.600Z,B8E8A2364D4C4B3F878376C7E1790EAD,Legendary,www.amazon.ca,2026-01-28T06:51:57.600Z,89000
Not Available,2026-01-28T06:48:48.400Z,19B3E1A0C08D4F828A835CC0580C675E,The Jasad Heir,www.amazon.ca,2026-01-28T06:44:33.100Z,255300
Not Available,2026-01-28T06:44:31.100Z,19B3E1A0C08D4F828A835CC0580C675E,The Jasad Heir,www.amazon.ca,2026-01-28T06:41:11.800Z,199300
Not Available,2026-01-27T08:00:18.700Z,19B3E1A0C08D4F828A835CC0580C675E,The Jasad Heir,www.amazon.ca,2026-01-27T08:00:02.600Z,16100
Not Available,2026-01-27T08:00:00.300Z,19B3E1A0C08D4F828A835CC0580C675E,The Jasad Heir,www.amazon.ca,2026-01-27T07:59:49.900Z,10400
Not Available,2026-01-27T07:59:35Z,19B3E1A0C08D4F828A835CC0580C675E,The Jasad Heir,www.amazon.ca,2026-01-27T07:59:32.300Z,2700
Not Available,2026-01-27T07:52:13.700Z,19B3E1A0C08D4F828A835CC0580C675E,The Jasad Heir,www.amazon.ca,2026-01-27T07:51:48.200Z,25500
Not Available,2026-01-27T07:13:11.800Z,19B3E1A0C08D4F828A835CC0580C675E,The Jasad Heir,www.amazon.ca,2026-01-27T07:13:01.400Z,10400
Not Available,2026-01-27T07:12:56.100Z,076B6578B4384616B5880A1E8B7FFD1A,Caraval,www.amazon.ca,2026-01-27T07:12:13.300Z,42800
Not Available,2026-01-27T07:12:09.600Z,19B3E1A0C08D4F828A835CC0580C675E,The Jasad Heir,www.amazon.ca,2026-01-27T07:10:35.400Z,94200
Not Available,2026-01-27T07:10:13Z,19B3E1A0C08D4F828A835CC0580C675E,The Jasad Heir,www.amazon.ca,2026-01-27T07:10:02.900Z,10100
Not Available,2026-01-27T07:07:49.300Z,B8E8A2364D4C4B3F878376C7E1790EAD,Legendary,www.amazon.ca,2026-01-27T07:07:43.100Z,6200
Not Available,2026-01-27T07:07:41Z,B8E8A2364D4C4B3F878376C7E1790EAD,Legendary,www.amazon.ca,2026-01-27T07:07:41Z,0
Not Available,2026-01-27T07:07:41Z,B8E8A2364D4C4B3F878376C7E1790EAD,Legendary,www.amazon.ca,2026-01-27T07:07:31.900Z,9100
Not Available,2026-01-27T07:07:29Z,AECA91816536424CB079D9D08497A4EE,Finale,www.amazon.ca,2026-01-27T07:07:29Z,0
Not Available,2026-01-27T07:07:29.600Z,AECA91816536424CB079D9D08497A4EE,Finale,www.amazon.ca,2026-01-27T07:07:23.100Z,6500
Not Available,2026-01-27T06:40:08Z,076B6578B4384616B5880A1E8B7FFD1A,Caraval,www.amazon.ca,2026-01-27T06:40:08Z,0
Not Available,2026-01-27T05:52:44.300Z,076B6578B4384616B5880A1E8B7FFD1A,Caraval,www.amazon.ca,2026-01-27T05:28:48.100Z,1436200
Not Available,2026-01-27T05:27:11Z,076B6578B4384616B5880A1E8B7FFD1A,Caraval,www.amazon.ca,2026-01-27T05:27:06Z,5000
Not Available,2026-01-27T05:27:03.700Z,076B6578B4384616B5880A1E8B7FFD1A,Caraval,www.amazon.ca,2026-01-27T05:07:44.300Z,1159400
Not Available,2026-01-27T04:20:25.700Z,076B6578B4384616B5880A1E8B7FFD1A,Caraval,www.amazon.ca,2026-01-27T04:14:35Z,350700
Not Available,2026-01-27T04:05:55.800Z,076B6578B4384616B5880A1E8B7FFD1A,Caraval,www.amazon.ca,2026-01-27T04:02:28.800Z,207000
Not Available,2026-01-26T08:30:25.800Z,076B6578B4384616B5880A1E8B7FFD1A,Caraval,www.amazon.ca,2026-01-26T08:30:22.600Z,3200
Not Available,2026-01-26T08:30:17.500Z,59A96E199C45437FA84D193F14C145BA,My Hero Academia Vol. 1,www.amazon.ca,2026-01-26T08:30:00.200Z,17300
Not Available,2026-01-26T08:29:48.500Z,66E13A43889B4FD68EC8281BF07FD1D4,Once Upon a Broken Heart,www.amazon.ca,2026-01-26T08:29:38.100Z,10400
Not Available,2026-01-26T08:29:33.100Z,66E13A43889B4FD68EC8281BF07FD1D4,Once Upon a Broken Heart,www.amazon.ca,2026-01-26T08:29:26.700Z,6400
Not Available,2026-01-26T08:28:35.300Z,076B6578B4384616B5880A1E8B7FFD1A,Caraval,www.amazon.ca,2026-01-26T08:27:38.800Z,56500
Not Available,2026-01-26T08:27:24.500Z,076B6578B4384616B5880A1E8B7FFD1A,Caraval,www.amazon.ca,2026-01-26T08:25:13.500Z,131000
Not Available,2026-01-26T06:55:41.600Z,076B6578B4384616B5880A1E8B7FFD1A,Caraval,www.amazon.ca,2026-01-26T06:08:00.200Z,2861400
Not Available,2026-01-26T05:08:29.900Z,076B6578B4384616B5880A1E8B7FFD1A,Caraval,www.amazon.ca,2026-01-26T05:05:11.600Z,198300
Not Available,2026-01-26T04:30:13.700Z,076B6578B4384616B5880A1E8B7FFD1A,Caraval,www.amazon.ca,2026-01-26T04:11:00.600Z,1153100
Not Available,2026-01-25T22:00:13.500Z,076B6578B4384616B5880A1E8B7FFD1A,Caraval,www.amazon.ca,2026-01-25T21:32:46.500Z,1647000
Not Available,2026-01-25T20:18:43.800Z,076B6578B4384616B5880A1E8B7FFD1A,Caraval,www.amazon.ca,2026-01-25T20:11:12.700Z,451100
Not Available,2026-01-25T19:58:45.100Z,076B6578B4384616B5880A1E8B7FFD1A,Caraval,www.amazon.ca,2026-01-25T19:52:37.400Z,367700
Not Available,2026-01-25T19:22:09.900Z,076B6578B4384616B5880A1E8B7FFD1A,Caraval,www.amazon.ca,2026-01-25T19:19:41.800Z,148100
Not Available,2026-01-25T09:20:10.700Z,076B6578B4384616B5880A1E8B7FFD1A,Caraval,www.amazon.ca,2026-01-25T09:06:35.900Z,814800
Not Available,2026-01-25T09:06:16.100Z,076B6578B4384616B5880A1E8B7FFD1A,Caraval,www.amazon.ca,2026-01-25T09:02:25.300Z,230800
Not Available,2026-01-25T08:59:56.800Z,076B6578B4384616B5880A1E8B7FFD1A,Caraval,www.amazon.ca,2026-01-25T07:57:07.100Z,3769700
Not Available,2026-01-25T07:31:28.600Z,076B6578B4384616B5880A1E8B7FFD1A,Caraval,www.amazon.ca,2026-01-25T07:11:36.500Z,1192100
Not Available,2026-01-25T05:57:25.100Z,076B6578B4384616B5880A1E8B7FFD1A,Caraval,www.amazon.ca,2026-01-25T05:34:53.100Z,1352000
Not Available,2026-01-25T05:26:48.300Z,076B6578B4384616B5880A1E8B7FFD1A,Caraval,www.amazon.ca,2026-01-25T04:13:25.200Z,4403100
Not Available,2026-01-25T04:12:55.200Z,076B6578B4384616B5880A1E8B7FFD1A,Caraval,www.amazon.ca,2026-01-25T04:00:14.800Z,760400
Not Available,2026-01-25T03:47:24.800Z,076B6578B4384616B5880A1E8B7FFD1A,Caraval,www.amazon.ca,2026-01-25T03:37:16.500Z,608300
Not Available,2026-01-25T02:27:55.900Z,076B6578B4384616B5880A1E8B7FFD1A,Caraval,www.amazon.ca,2026-01-25T01:32:29.600Z,3326300
Not Available,2026-01-25T00:45:37.700Z,076B6578B4384616B5880A1E8B7FFD1A,Caraval,www.amazon.ca,2026-01-25T00:45:17.500Z,20200
Not Available,2026-01-24T23:52:00.400Z,076B6578B4384616B5880A1E8B7FFD1A,Caraval,www.amazon.ca,2026-01-24T22:58:10.600Z,3229800
Not Available,2026-01-24T20:08:56.900Z,076B6578B4384616B5880A1E8B7FFD1A,Caraval,www.amazon.ca,2026-01-24T20:07:19.300Z,97600
Not Available,2026-01-24T20:06:10.400Z,076B6578B4384616B5880A1E8B7FFD1A,Caraval,www.amazon.ca,2026-01-24T19:08:10.300Z,3480100
Not Available,2026-01-24T08:23:28.200Z,076B6578B4384616B5880A1E8B7FFD1A,Caraval,www.amazon.ca,2026-01-24T07:26:53.200Z,3395000
Not Available,2026-01-23T08:42:22.600Z,076B6578B4384616B5880A1E8B7FFD1A,Caraval,www.amazon.ca,2026-01-23T08:42:18.500Z,4100
Not Available,2026-01-23T07:32:02.900Z,076B6578B4384616B5880A1E8B7FFD1A,Caraval,www.amazon.ca,2026-01-23T06:54:30.900Z,2252000
Not Available,2026-01-23T06:41:23.300Z,076B6578B4384616B5880A1E8B7FFD1A,Caraval,www.amazon.ca,2026-01-23T06:40:41.100Z,42200
Not Available,2026-01-22T06:53:22Z,076B6578B4384616B5880A1E8B7FFD1A,Caraval,www.amazon.ca,2026-01-22T06:53:17.700Z,4300
Not Available,2026-01-22T05:41:52.600Z,076B6578B4384616B5880A1E8B7FFD1A,Caraval,www.amazon.ca,2026-01-22T05:37:57.300Z,235300
Not Available,2026-01-22T04:56:54.700Z,076B6578B4384616B5880A1E8B7FFD1A,Caraval,www.amazon.ca,2026-01-22T04:49:45.700Z,429000
Not Available,2026-01-22T03:45:23.700Z,076B6578B4384616B5880A1E8B7FFD1A,Caraval,www.amazon.ca,2026-01-22T03:45:19.500Z,4200
Not Available,2026-01-21T07:34:39.400Z,076B6578B4384616B5880A1E8B7FFD1A,Caraval,www.amazon.ca,2026-01-21T07:00:44.900Z,2034500
Not Available,2026-01-20T08:35:40.300Z,076B6578B4384616B5880A1E8B7FFD1A,Caraval,www.amazon.ca,2026-01-20T08:06:32.300Z,1748000
Not Available,2026-01-20T08:06:30Z,42661D548BA441B68265BD6CB2101F9D,terms & conditions,www.amazon.ca,2026-01-20T08:06:30Z,0
Not Available,2026-01-20T08:06:30.800Z,42661D548BA441B68265BD6CB2101F9D,terms & conditions,www.amazon.ca,2026-01-20T08:05:01.900Z,88900
Not Available,2026-01-20T08:04:59.400Z,076B6578B4384616B5880A1E8B7FFD1A,Caraval,www.amazon.ca,2026-01-20T08:00:18.500Z,280900
Not Available,2026-01-20T08:00:00.300Z,076B6578B4384616B5880A1E8B7FFD1A,Caraval,www.amazon.ca,2026-01-20T07:38:00.900Z,1319400
Not Available,2026-01-20T07:37:37.400Z,076B6578B4384616B5880A1E8B7FFD1A,Caraval,www.amazon.ca,2026-01-20T07:26:53.100Z,644300
Not Available,2026-01-20T07:26:35Z,42661D548BA441B68265BD6CB2101F9D,terms & conditions,www.amazon.ca,2026-01-20T07:26:35Z,0
Not Available,2026-01-20T07:26:35.900Z,42661D548BA441B68265BD6CB2101F9D,terms & conditions,www.amazon.ca,2026-01-20T07:26:26.800Z,9100
Not Available,2026-01-19T07:06:16Z,076B6578B4384616B5880A1E8B7FFD1A,Caraval,www.amazon.ca,2026-01-19T07:06:16Z,0
Not Available,2026-01-19T07:06:16.300Z,076B6578B4384616B5880A1E8B7FFD1A,Caraval,www.amazon.ca,2026-01-19T06:33:32.800Z,1963500
Not Available,2026-01-19T03:11:56.900Z,076B6578B4384616B5880A1E8B7FFD1A,Caraval,www.amazon.ca,2026-01-19T03:07:14.500Z,282400
Not Available,2026-01-19T03:07:11Z,59A96E199C45437FA84D193F14C145BA,My Hero Academia Vol. 1,www.amazon.ca,2026-01-19T03:07:11Z,0
Not Available,2026-01-19T03:07:11.300Z,59A96E199C45437FA84D193F14C145BA,My Hero Academia Vol. 1,www.amazon.ca,2026-01-19T03:06:27.400Z,43900
Not Available,2026-01-19T03:06:25.300Z,076B6578B4384616B5880A1E8B7FFD1A,Caraval,www.amazon.ca,2026-01-19T03:03:32.100Z,173200
Not Available,2026-01-19T02:54:12.600Z,076B6578B4384616B5880A1E8B7FFD1A,Caraval,www.amazon.ca,2026-01-19T02:44:12.700Z,599900
Not Available,2026-01-19T02:17:14.900Z,076B6578B4384616B5880A1E8B7FFD1A,Caraval,www.amazon.ca,2026-01-19T02:17:01.200Z,13700
Not Available,2026-01-19T01:17:14Z,076B6578B4384616B5880A1E8B7FFD1A,Caraval,www.amazon.ca,2026-01-19T00:52:57.600Z,1456400
Not Available,2026-01-19T00:52:55Z,C5E55116FA1A46AFB2C5DFD300E475A8,The Hobbit,www.amazon.ca,2026-01-19T00:52:55Z,0
Not Available,2026-01-19T00:52:55.400Z,C5E55116FA1A46AFB2C5DFD300E475A8,The Hobbit,www.amazon.ca,2026-01-19T00:52:16.500Z,38900
Not Available,2026-01-19T00:52:15.500Z,076B6578B4384616B5880A1E8B7FFD1A,Caraval,www.amazon.ca,2026-01-19T00:49:13.800Z,181700
Not Available,2026-01-19T00:49:11.700Z,C5E55116FA1A46AFB2C5DFD300E475A8,The Hobbit,www.amazon.ca,2026-01-19T00:32:44.500Z,987200
Not Available,2026-01-19T00:32:43.400Z,076B6578B4384616B5880A1E8B7FFD1A,Caraval,www.amazon.ca,2026-01-19T00:28:40.300Z,243100
Not Available,2026-01-19T00:09:51.600Z,076B6578B4384616B5880A1E8B7FFD1A,Caraval,www.amazon.ca,2026-01-18T23:56:47.500Z,784100
Not Available,2026-01-18T23:53:19.900Z,076B6578B4384616B5880A1E8B7FFD1A,Caraval,www.amazon.ca,2026-01-18T23:38:24.300Z,895600
Not Available,2026-01-18T23:38:22.200Z,C5E55116FA1A46AFB2C5DFD300E475A8,The Hobbit,www.amazon.ca,2026-01-18T23:36:33.500Z,108700
Not Available,2026-01-18T22:57:42.200Z,C5E55116FA1A46AFB2C5DFD300E475A8,The Hobbit,www.amazon.ca,2026-01-18T22:42:31.200Z,911000
Not Available,2026-01-18T22:42:29.900Z,076B6578B4384616B5880A1E8B7FFD1A,Caraval,www.amazon.ca,2026-01-18T22:42:25Z,4900
Not Available,2026-01-18T22:41:06.500Z,C5E55116FA1A46AFB2C5DFD300E475A8,The Hobbit,www.amazon.ca,2026-01-18T22:41:03.600Z,2900
Not Available,2026-01-18T22:33:05.200Z,C5E55116FA1A46AFB2C5DFD300E475A8,The Hobbit,www.amazon.ca,2026-01-18T22:21:04.800Z,720400
Not Available,2026-01-18T22:10:51.300Z,C5E55116FA1A46AFB2C5DFD300E475A8,The Hobbit,www.amazon.ca,2026-01-18T22:10:47.800Z,3500
Not Available,2026-01-18T22:00:22.500Z,C5E55116FA1A46AFB2C5DFD300E475A8,The Hobbit,www.amazon.ca,2026-01-18T21:42:38.400Z,1064100
Not Available,2026-01-18T21:40:14Z,C5E55116FA1A46AFB2C5DFD300E475A8,The Hobbit,www.amazon.ca,2026-01-18T21:40:14Z,0
Not Available,2026-01-18T21:40:14.100Z,C5E55116FA1A46AFB2C5DFD300E475A8,The Hobbit,www.amazon.ca,2026-01-18T21:39:20.900Z,53200
Not Available,2026-01-18T21:39:17.100Z,C5E55116FA1A46AFB2C5DFD300E475A8,The Hobbit,www.amazon.ca,2026-01-18T21:39:10.200Z,6900
Not Available,2026-01-18T16:31:46.200Z,C5E55116FA1A46AFB2C5DFD300E475A8,The Hobbit,www.amazon.ca,2026-01-18T16:26:43.500Z,302700
Not Available,2026-01-18T16:23:37Z,076B6578B4384616B5880A1E8B7FFD1A,Caraval,www.amazon.ca,2026-01-18T16:23:37Z,0
Not Available,2026-01-18T16:23:37.600Z,076B6578B4384616B5880A1E8B7FFD1A,Caraval,www.amazon.ca,2026-01-18T16:23:00.100Z,37500
Not Available,2026-01-18T16:22:55Z,C5E55116FA1A46AFB2C5DFD300E475A8,The Hobbit,www.amazon.ca,2026-01-18T16:22:55Z,0
Not Available,2026-01-18T16:22:55Z,C5E55116FA1A46AFB2C5DFD300E475A8,The Hobbit,www.amazon.ca,2026-01-18T16:22:42Z,13000
Not Available,2026-01-18T16:22:39.300Z,076B6578B4384616B5880A1E8B7FFD1A,Caraval,www.amazon.ca,2026-01-18T16:20:15.300Z,144000
Not Available,2026-01-18T16:20:13.800Z,C5E55116FA1A46AFB2C5DFD300E475A8,The Hobbit,www.amazon.ca,2026-01-18T16:15:09.600Z,304200
Not Available,2026-01-18T16:15:03.600Z,076B6578B4384616B5880A1E8B7FFD1A,Caraval,www.amazon.ca,2026-01-18T16:14:54.100Z,9500
Not Available,2026-01-18T16:14:52.900Z,C5E55116FA1A46AFB2C5DFD300E475A8,The Hobbit,www.amazon.ca,2026-01-18T16:14:33.400Z,19500
Not Available,2026-01-18T03:50:05.900Z,076B6578B4384616B5880A1E8B7FFD1A,Caraval,www.amazon.ca,2026-01-18T03:49:44.300Z,21600
Not Available,2026-01-18T03:49:43.300Z,076B6578B4384616B5880A1E8B7FFD1A,Caraval,www.amazon.ca,2026-01-18T03:49:33.800Z,9500
Not Available,2026-01-18T03:49:32.900Z,076B6578B4384616B5880A1E8B7FFD1A,Caraval,www.amazon.ca,2026-01-18T03:49:20.200Z,12700
Not Available,2026-01-18T03:49:19.100Z,076B6578B4384616B5880A1E8B7FFD1A,Caraval,www.amazon.ca,2026-01-18T03:44:45.400Z,273700
Not Available,2026-01-18T03:44:15.900Z,C5E55116FA1A46AFB2C5DFD300E475A8,The Hobbit,www.amazon.ca,2026-01-18T03:24:33Z,1182900
Not Available,2026-01-18T03:23:18Z,66E13A43889B4FD68EC8281BF07FD1D4,Once Upon a Broken Heart,www.amazon.ca,2026-01-18T03:23:18Z,0
Not Available,2026-01-18T03:23:18Z,66E13A43889B4FD68EC8281BF07FD1D4,Once Upon a Broken Heart,www.amazon.ca,2026-01-18T03:23:13.500Z,4500
Not Available,2026-01-18T03:21:20Z,076B6578B4384616B5880A1E8B7FFD1A,Caraval,www.amazon.ca,2026-01-18T03:21:20Z,0
Not Available,2026-01-18T03:21:20.600Z,076B6578B4384616B5880A1E8B7FFD1A,Caraval,www.amazon.ca,2026-01-18T03:19:54.700Z,85900
Not Available,2026-01-18T03:19:52.900Z,C5E55116FA1A46AFB2C5DFD300E475A8,The Hobbit,www.amazon.ca,2026-01-18T03:19:38.700Z,14200
Not Available,2026-01-18T03:19:00.500Z,502355FBE3F34444A578E8ACEB9E40A0,The Ballad of Never After,www.amazon.ca,2026-01-18T03:18:54Z,6500
Not Available,2026-01-18T03:18:35.100Z,076B6578B4384616B5880A1E8B7FFD1A,Caraval,www.amazon.ca,2026-01-18T03:18:29.300Z,5800
Not Available,2026-01-18T03:17:14Z,076B6578B4384616B5880A1E8B7FFD1A,Caraval,www.amazon.ca,2026-01-18T03:17:14Z,0
Not Available,2026-01-18T03:17:14.400Z,076B6578B4384616B5880A1E8B7FFD1A,Caraval,www.amazon.ca,2026-01-18T03:17:10.100Z,4300
Not Available,2026-01-18T03:14:45.200Z,84E5C44F27ED4C06AC4253403B52E124,Once Upon a Broken Heart,www.amazon.ca,2026-01-18T03:14:40.800Z,4400
Not Available,2026-01-18T03:13:54Z,59A96E199C45437FA84D193F14C145BA,My Hero Academia Vol. 1,www.amazon.ca,2026-01-18T03:13:54Z,0
Not Available,2026-01-18T03:13:54.700Z,59A96E199C45437FA84D193F14C145BA,My Hero Academia Vol. 1,www.amazon.ca,2026-01-18T03:13:38.400Z,16300
Not Available,2026-01-18T03:13:36Z,C5E55116FA1A46AFB2C5DFD300E475A8,The Hobbit,www.amazon.ca,2026-01-18T03:13:36Z,0
Not Available,2026-01-18T03:13:36.200Z,C5E55116FA1A46AFB2C5DFD300E475A8,The Hobbit,www.amazon.ca,2026-01-18T03:09:09.500Z,266700
Not Available,2026-01-18T03:09:08.400Z,C5E55116FA1A46AFB2C5DFD300E475A8,The Hobbit,www.amazon.ca,2026-01-18T02:59:36.100Z,572300
Not Available,2026-01-18T02:59:26Z,C5E55116FA1A46AFB2C5DFD300E475A8,The Hobbit,www.amazon.ca,2026-01-18T02:58:32.300Z,53700
Not Available,2026-01-18T02:55:50.400Z,C5E55116FA1A46AFB2C5DFD300E475A8,The Hobbit,www.amazon.ca,2026-01-18T02:55:08.600Z,41800
Not Available,2026-01-18T02:38:26.800Z,C5E55116FA1A46AFB2C5DFD300E475A8,The Hobbit,www.amazon.ca,2026-01-18T02:33:52.200Z,274600
Not Available,2026-01-18T02:19:28.400Z,C5E55116FA1A46AFB2C5DFD300E475A8,The Hobbit,www.amazon.ca,2026-01-18T02:09:28.600Z,599800
Not Available,2026-01-18T01:59:23Z,C5E55116FA1A46AFB2C5DFD300E475A8,The Hobbit,www.amazon.ca,2026-01-18T01:41:00.500Z,1102500
Not Available,2026-01-18T01:39:16.700Z,C5E55116FA1A46AFB2C5DFD300E475A8,The Hobbit,www.amazon.ca,2026-01-18T01:29:16.800Z,599900
Not Available,2026-01-18T00:59:45.800Z,59A96E199C45437FA84D193F14C145BA,My Hero Academia Vol. 1,www.amazon.ca,2026-01-18T00:59:42.100Z,3700
Not Available,2026-01-18T00:59:27.100Z,59A96E199C45437FA84D193F14C145BA,My Hero Academia Vol. 1,www.amazon.ca,2026-01-18T00:58:29.400Z,57700
Not Available,2026-01-18T00:58:05.200Z,C5E55116FA1A46AFB2C5DFD300E475A8,The Hobbit,www.amazon.ca,2026-01-18T00:57:41.500Z,23700
Not Available,2026-01-18T00:30:49Z,847C8C95D06F4EC7A6E0439BA5EDA10C,something in the water,www.amazon.ca,2026-01-18T00:30:49Z,0
Not Available,2026-01-18T00:30:49.200Z,847C8C95D06F4EC7A6E0439BA5EDA10C,something in the water,www.amazon.ca,2026-01-18T00:25:15.500Z,333700
Not Available,2026-01-17T22:56:34.100Z,847C8C95D06F4EC7A6E0439BA5EDA10C,something in the water,www.amazon.ca,2026-01-17T22:30:42.500Z,1551600
Not Available,2026-01-17T21:06:51.800Z,847C8C95D06F4EC7A6E0439BA5EDA10C,something in the water,www.amazon.ca,2026-01-17T20:48:49.200Z,1082600
Not Available,2026-01-17T20:28:01.400Z,847C8C95D06F4EC7A6E0439BA5EDA10C,something in the water,www.amazon.ca,2026-01-17T20:13:14.300Z,887100
Not Available,2026-01-17T20:09:41.500Z,847C8C95D06F4EC7A6E0439BA5EDA10C,something in the water,www.amazon.ca,2026-01-17T20:02:22.200Z,439300
Not Available,2026-01-17T19:58:29.100Z,847C8C95D06F4EC7A6E0439BA5EDA10C,something in the water,www.amazon.ca,2026-01-17T19:03:03Z,3326100
Not Available,2026-01-17T10:04:00.500Z,847C8C95D06F4EC7A6E0439BA5EDA10C,something in the water,www.amazon.ca,2026-01-17T10:03:51.500Z,9000
Not Available,2026-01-17T07:19:01.600Z,847C8C95D06F4EC7A6E0439BA5EDA10C,something in the water,www.amazon.ca,2026-01-17T06:47:05.100Z,1916500
Not Available,2026-01-17T06:38:13.800Z,847C8C95D06F4EC7A6E0439BA5EDA10C,something in the water,www.amazon.ca,2026-01-17T06:27:29.100Z,644700
Not Available,2026-01-16T08:37:42.400Z,847C8C95D06F4EC7A6E0439BA5EDA10C,something in the water,www.amazon.ca,2026-01-16T08:37:35.500Z,6900
Not Available,2026-01-16T06:44:04.800Z,847C8C95D06F4EC7A6E0439BA5EDA10C,something in the water,www.amazon.ca,2026-01-16T06:14:55Z,1749800
Not Available,2026-01-16T06:05:14Z,847C8C95D06F4EC7A6E0439BA5EDA10C,something in the water,www.amazon.ca,2026-01-16T05:50:45.800Z,868200
Not Available,2026-01-15T08:49:54.200Z,847C8C95D06F4EC7A6E0439BA5EDA10C,something in the water,www.amazon.ca,2026-01-15T08:49:49.500Z,4700
Not Available,2026-01-15T07:04:27.900Z,847C8C95D06F4EC7A6E0439BA5EDA10C,something in the water,www.amazon.ca,2026-01-15T06:32:42.800Z,1905100
Not Available,2026-01-15T06:32:39.200Z,847C8C95D06F4EC7A6E0439BA5EDA10C,something in the water,www.amazon.ca,2026-01-15T06:26:57Z,342200
Not Available,2026-01-14T08:31:47.600Z,847C8C95D06F4EC7A6E0439BA5EDA10C,something in the water,www.amazon.ca,2026-01-14T08:06:36.400Z,1511200
Not Available,2026-01-14T08:05:08.200Z,847C8C95D06F4EC7A6E0439BA5EDA10C,something in the water,www.amazon.ca,2026-01-14T07:54:16.600Z,651600
Not Available,2026-01-13T08:14:19.300Z,847C8C95D06F4EC7A6E0439BA5EDA10C,something in the water,www.amazon.ca,2026-01-13T07:17:41.400Z,3397900
Not Available,2026-01-13T06:49:45.500Z,847C8C95D06F4EC7A6E0439BA5EDA10C,something in the water,www.amazon.ca,2026-01-13T06:04:39.900Z,2705600
Not Available,2026-01-13T05:53:47.600Z,847C8C95D06F4EC7A6E0439BA5EDA10C,something in the water,www.amazon.ca,2026-01-13T05:43:24Z,623600
Not Available,2026-01-13T05:41:16.800Z,847C8C95D06F4EC7A6E0439BA5EDA10C,something in the water,www.amazon.ca,2026-01-13T05:41:13.200Z,3600
Not Available,2026-01-13T05:40:42.300Z,C5E55116FA1A46AFB2C5DFD300E475A8,The Hobbit,www.amazon.ca,2026-01-13T05:40:37.100Z,5200
Not Available,2026-01-13T05:40:35.600Z,847C8C95D06F4EC7A6E0439BA5EDA10C,something in the water,www.amazon.ca,2026-01-13T05:37:06.900Z,208700
Not Available,2026-01-13T05:37:01.300Z,59A96E199C45437FA84D193F14C145BA,My Hero Academia Vol. 1,www.amazon.ca,2026-01-13T05:36:35.600Z,25700
Not Available,2026-01-13T05:36:05.100Z,847C8C95D06F4EC7A6E0439BA5EDA10C,something in the water,www.amazon.ca,2026-01-13T05:25:02.200Z,662900
Not Available,2026-01-13T03:53:21.100Z,847C8C95D06F4EC7A6E0439BA5EDA10C,something in the water,www.amazon.ca,2026-01-13T03:40:28.900Z,772200
Not Available,2026-01-13T03:40:22.500Z,847C8C95D06F4EC7A6E0439BA5EDA10C,something in the water,www.amazon.ca,2026-01-13T03:35:30.700Z,291800
Not Available,2026-01-12T09:19:12Z,C5E55116FA1A46AFB2C5DFD300E475A8,The Hobbit,www.amazon.ca,2026-01-12T09:19:12Z,0
Not Available,2026-01-12T09:19:12.300Z,C5E55116FA1A46AFB2C5DFD300E475A8,The Hobbit,www.amazon.ca,2026-01-12T09:12:44.700Z,387600
Not Available,2026-01-12T09:12:42Z,3C62C94C637A4554B4472B6174DB48CD,at the last stroke of midnight,www.amazon.ca,2026-01-12T09:12:42Z,0
Not Available,2026-01-12T09:12:42.100Z,3C62C94C637A4554B4472B6174DB48CD,at the last stroke of midnight,www.amazon.ca,2026-01-12T08:35:30.300Z,2231800
Not Available,2026-01-12T08:16:52Z,3C62C94C637A4554B4472B6174DB48CD,at the last stroke of midnight,www.amazon.ca,2026-01-12T08:06:15.400Z,636600
Not Available,2026-01-12T07:15:23.500Z,3C62C94C637A4554B4472B6174DB48CD,at the last stroke of midnight,www.amazon.ca,2026-01-12T06:31:24.500Z,2639000
Not Available,2026-01-12T04:19:19.100Z,3C62C94C637A4554B4472B6174DB48CD,at the last stroke of midnight,www.amazon.ca,2026-01-12T04:12:34.800Z,404300
Not Available,2026-01-12T04:06:56.800Z,3C62C94C637A4554B4472B6174DB48CD,at the last stroke of midnight,www.amazon.ca,2026-01-12T03:51:49.700Z,907100
Not Available,2026-01-12T03:51:48.300Z,3C62C94C637A4554B4472B6174DB48CD,at the last stroke of midnight,www.amazon.ca,2026-01-12T03:32:28.400Z,1159900
Not Available,2026-01-12T03:13:34.200Z,3C62C94C637A4554B4472B6174DB48CD,at the last stroke of midnight,www.amazon.ca,2026-01-12T03:11:17.300Z,136900
Not Available,2026-01-12T02:10:48.900Z,3C62C94C637A4554B4472B6174DB48CD,at the last stroke of midnight,www.amazon.ca,2026-01-12T02:00:49.100Z,599800
Not Available,2026-01-12T02:00:46Z,FE4FCD4E0BAD4791A6BF7DE6F9DD3AC3,then came you,www.amazon.ca,2026-01-12T02:00:46Z,0
Not Available,2026-01-12T02:00:46.200Z,FE4FCD4E0BAD4791A6BF7DE6F9DD3AC3,then came you,www.amazon.ca,2026-01-12T01:33:35.300Z,1630900
Not Available,2026-01-12T01:32:26.600Z,FE4FCD4E0BAD4791A6BF7DE6F9DD3AC3,then came you,www.amazon.ca,2026-01-12T01:04:25.500Z,1681100
Not Available,2026-01-11T23:30:39.500Z,FE4FCD4E0BAD4791A6BF7DE6F9DD3AC3,then came you,www.amazon.ca,2026-01-11T22:56:33.200Z,2046300
Not Available,2026-01-11T22:56:31.800Z,3C62C94C637A4554B4472B6174DB48CD,at the last stroke of midnight,www.amazon.ca,2026-01-11T22:56:07.400Z,24400
Not Available,2026-01-11T22:56:06.300Z,FE4FCD4E0BAD4791A6BF7DE6F9DD3AC3,then came you,www.amazon.ca,2026-01-11T22:38:34.400Z,1051900
Not Available,2026-01-11T22:37:16.300Z,C5E55116FA1A46AFB2C5DFD300E475A8,The Hobbit,www.amazon.ca,2026-01-11T22:37:13Z,3300
Not Available,2026-01-10T22:15:50.200Z,C5E55116FA1A46AFB2C5DFD300E475A8,The Hobbit,www.amazon.ca,2026-01-10T22:11:50.600Z,239600
Not Available,2026-01-10T20:27:34.800Z,C5E55116FA1A46AFB2C5DFD300E475A8,The Hobbit,www.amazon.ca,2026-01-10T20:24:26.900Z,187900
Not Available,2026-01-10T20:24:25.400Z,54A5A9B3503F4D9B9EF712B687F7E7B1,The Hobbit (Enhanced Edition),www.amazon.ca,2026-01-10T20:24:01.100Z,24300
Not Available,2026-01-10T20:24:00.200Z,C5E55116FA1A46AFB2C5DFD300E475A8,The Hobbit,www.amazon.ca,2026-01-10T20:23:39.800Z,20400
Not Available,2026-01-10T20:23:38.700Z,54A5A9B3503F4D9B9EF712B687F7E7B1,The Hobbit (Enhanced Edition),www.amazon.ca,2026-01-10T20:23:13.600Z,25100
Not Available,2026-01-10T20:23:12Z,C5E55116FA1A46AFB2C5DFD300E475A8,The Hobbit,www.amazon.ca,2026-01-10T20:23:12Z,0
Not Available,2026-01-10T20:23:12.300Z,C5E55116FA1A46AFB2C5DFD300E475A8,The Hobbit,www.amazon.ca,2026-01-10T20:21:53.600Z,78700
Not Available,2026-01-10T20:15:12.800Z,54A5A9B3503F4D9B9EF712B687F7E7B1,The Hobbit (Enhanced Edition),www.amazon.ca,2026-01-10T20:15:10.100Z,2700
Not Available,2026-01-10T20:14:46Z,54A5A9B3503F4D9B9EF712B687F7E7B1,The Hobbit (Enhanced Edition),www.amazon.ca,2026-01-10T20:11:46Z,180000
Not Available,2026-01-10T20:11:44.700Z,54A5A9B3503F4D9B9EF712B687F7E7B1,The Hobbit (Enhanced Edition),www.amazon.ca,2026-01-10T20:10:51.600Z,53100
Not Available,2026-01-10T20:10:46.900Z,54A5A9B3503F4D9B9EF712B687F7E7B1,The Hobbit (Enhanced Edition),www.amazon.ca,2026-01-10T20:07:28.600Z,198300
Not Available,2026-01-10T20:07:27.500Z,54A5A9B3503F4D9B9EF712B687F7E7B1,The Hobbit (Enhanced Edition),www.amazon.ca,2026-01-10T20:05:57.300Z,90200
Not Available,2026-01-10T20:05:54Z,F90795984FFA4037926AA94851BCC0AA,The Moon’s Wane,www.amazon.ca,2026-01-10T20:05:54Z,0
Not Available,2026-01-10T20:05:54.700Z,F90795984FFA4037926AA94851BCC0AA,The Moon’s Wane,www.amazon.ca,2026-01-10T19:56:08.500Z,586200
Not Available,2026-01-10T08:46:58Z,F90795984FFA4037926AA94851BCC0AA,The Moon’s Wane,www.amazon.ca,2026-01-10T08:25:12Z,1306000
Not Available,2026-01-09T08:12:28.800Z,F90795984FFA4037926AA94851BCC0AA,The Moon’s Wane,www.amazon.ca,2026-01-09T08:03:21Z,547800
Not Available,2026-01-08T07:59:40.600Z,F90795984FFA4037926AA94851BCC0AA,The Moon’s Wane,www.amazon.ca,2026-01-08T07:54:10.200Z,330400
Not Available,2026-01-06T09:27:21.400Z,F90795984FFA4037926AA94851BCC0AA,The Moon’s Wane,www.amazon.ca,2026-01-06T09:26:41Z,40400
Not Available,2026-01-06T09:25:19Z,29073688D73B4C11AACA6D3D2351B60D,Love Across Time,www.amazon.ca,2026-01-06T09:25:19Z,0
Not Available,2026-01-06T09:25:19.800Z,29073688D73B4C11AACA6D3D2351B60D,Love Across Time,www.amazon.ca,2026-01-06T08:52:22.500Z,1977300
Not Available,2026-01-06T07:50:45.200Z,29073688D73B4C11AACA6D3D2351B60D,Love Across Time,www.amazon.ca,2026-01-06T06:48:09Z,3756200
Not Available,2026-01-05T08:56:27.700Z,29073688D73B4C11AACA6D3D2351B60D,Love Across Time,www.amazon.ca,2026-01-05T08:37:59.100Z,1108600
Not Available,2026-01-05T08:37:53.200Z,29073688D73B4C11AACA6D3D2351B60D,Love Across Time,www.amazon.ca,2026-01-05T08:02:11.300Z,2141900
Not Available,2026-01-05T08:02:04.800Z,29073688D73B4C11AACA6D3D2351B60D,Love Across Time,www.amazon.ca,2026-01-05T08:01:52.300Z,12500
Not Available,2026-01-05T08:01:50.700Z,F90795984FFA4037926AA94851BCC0AA,The Moon’s Wane,www.amazon.ca,2026-01-05T08:01:44.300Z,6400
Not Available,2026-01-04T11:37:48.700Z,29073688D73B4C11AACA6D3D2351B60D,Love Across Time,www.amazon.ca,2026-01-04T11:27:31.600Z,617100
Not Available,2026-01-04T11:27:30.100Z,F90795984FFA4037926AA94851BCC0AA,The Moon’s Wane,www.amazon.ca,2026-01-04T11:25:47.900Z,102200
Not Available,2026-01-04T11:25:45.900Z,D5EFF15011854195B68281249C44311E,marked in your heart,www.amazon.ca,2026-01-04T11:25:24.100Z,21800
Not Available,2026-01-04T11:25:20.200Z,D5EFF15011854195B68281249C44311E,marked in your heart,www.amazon.ca,2026-01-04T11:25:16.400Z,3800
Not Available,2026-01-04T11:25:13.900Z,F90795984FFA4037926AA94851BCC0AA,The Moon’s Wane,www.amazon.ca,2026-01-04T11:24:22Z,51900
Not Available,2026-01-04T11:24:17.700Z,D5EFF15011854195B68281249C44311E,marked in your heart,www.amazon.ca,2026-01-04T11:22:30.700Z,107000
Not Available,2026-01-04T09:23:19.500Z,D5EFF15011854195B68281249C44311E,marked in your heart,www.amazon.ca,2026-01-04T09:06:55.900Z,983600
Not Available,2026-01-04T09:06:53Z,F90795984FFA4037926AA94851BCC0AA,The Moon’s Wane,www.amazon.ca,2026-01-04T09:06:36Z,17000
Not Available,2026-01-04T09:06:31.400Z,29073688D73B4C11AACA6D3D2351B60D,Love Across Time,www.amazon.ca,2026-01-04T09:05:44.600Z,46800
Not Available,2026-01-04T09:05:40.100Z,29073688D73B4C11AACA6D3D2351B60D,Love Across Time,www.amazon.ca,2026-01-04T09:05:29.500Z,10600
Not Available,2026-01-04T09:05:12.100Z,D5EFF15011854195B68281249C44311E,marked in your heart,www.amazon.ca,2026-01-04T08:55:52.500Z,559600
Not Available,2026-01-04T08:29:28.500Z,D5EFF15011854195B68281249C44311E,marked in your heart,www.amazon.ca,2026-01-04T08:25:23.500Z,245000
Not Available,2026-01-04T06:11:14.200Z,D5EFF15011854195B68281249C44311E,marked in your heart,www.amazon.ca,2026-01-04T06:08:26.100Z,168100
Not Available,2026-01-03T11:57:42.300Z,D5EFF15011854195B68281249C44311E,marked in your heart,www.amazon.ca,2026-01-03T11:25:26.500Z,1935800
Not Available,2026-01-03T11:25:22.500Z,54A5A9B3503F4D9B9EF712B687F7E7B1,The Hobbit (Enhanced Edition),www.amazon.ca,2026-01-03T11:25:13.600Z,8900
Not Available,2026-01-03T11:25:08.500Z,D5EFF15011854195B68281249C44311E,marked in your heart,www.amazon.ca,2026-01-03T11:24:12.200Z,56300
Not Available,2026-01-03T02:40:51.200Z,Not Available,Not Available,www.amazon.ca,2026-01-03T02:40:48.300Z,2900
Not Available,2026-01-03T02:40:02.300Z,788C854093B54A26B6AF2F1930E887D2,Wings of Starlight,www.amazon.ca,2026-01-03T02:39:56.500Z,5800
Not Available,2026-01-03T02:35:39.900Z,01CA9E9573B94A098A9DF27C38AAACEC,The Hunger Games,www.amazon.ca,2026-01-03T02:35:36.900Z,3000
Not Available,2026-01-03T02:35:18Z,9589E9ED671B4D09B1C63516FBBA6C6C,The Prisoner’s Throne,www.amazon.ca,2026-01-03T02:35:14.600Z,3400
Not Available,2026-01-03T02:26:34Z,DD25ACB7A5614CA19F10396C00773EBE,The Auction,www.amazon.ca,2026-01-03T02:26:34Z,0
Not Available,2026-01-03T02:26:34.300Z,DD25ACB7A5614CA19F10396C00773EBE,The Auction,www.amazon.ca,2026-01-03T02:26:26.400Z,7900
Not Available,2026-01-03T02:23:29.586Z,85C2D0D1308A45B299F63F6F10BA5802,The Auction,www.amazon.ca,2026-01-03T02:23:29.586Z,0
Not Available,2026-01-03T02:23:18Z,78E7887F8D2943A88F71739E98C89633,Manacled,www.amazon.ca,2026-01-03T02:22:56.300Z,21700
Not Available,2026-01-03T02:22:10.200Z,05B583E55E6E496F870ABD566734FAE8,Breath Mints Battle,www.amazon.ca,2026-01-03T02:22:04.500Z,5700
Not Available,2026-01-03T02:21:53Z,AE78ED9C066E419387279F75CE4F3CAC,Presque Toujours Pur,www.amazon.ca,2026-01-03T02:21:53Z,0
Not Available,2026-01-03T02:21:53.600Z,AE78ED9C066E419387279F75CE4F3CAC,Presque Toujours Pur,www.amazon.ca,2026-01-03T02:21:46.800Z,6800
Not Available,2026-01-03T02:21:34.400Z,2F883FEA625741178AEF4B1643608C21,Isolation,www.amazon.ca,2026-01-03T02:21:28.500Z,5900
Not Available,2026-01-03T02:21:25Z,05B583E55E6E496F870ABD566734FAE8,Breath Mints Battle,www.amazon.ca,2026-01-03T02:21:25Z,0
Not Available,2026-01-03T02:21:13Z,78E7887F8D2943A88F71739E98C89633,Manacled,www.amazon.ca,2026-01-03T02:21:13Z,0
Not Available,2026-01-03T02:21:13.400Z,78E7887F8D2943A88F71739E98C89633,Manacled,www.amazon.ca,2026-01-03T02:21:08.500Z,4900
Not Available,2026-01-03T02:20:33.100Z,78E7887F8D2943A88F71739E98C89633,Manacled,www.amazon.ca,2026-01-03T02:20:29.500Z,3600
Not Available,2026-01-03T02:20:28Z,78E7887F8D2943A88F71739E98C89633,Manacled,www.amazon.ca,2026-01-03T02:20:28Z,0
Not Available,2026-01-03T02:20:28.600Z,78E7887F8D2943A88F71739E98C89633,Manacled,www.amazon.ca,2026-01-03T02:20:24.500Z,4100
Not Available,2026-01-03T02:20:17Z,2F883FEA625741178AEF4B1643608C21,Isolation,www.amazon.ca,2026-01-03T02:20:17Z,0
Not Available,2026-01-03T02:20:04.700Z,78E7887F8D2943A88F71739E98C89633,Manacled,www.amazon.ca,2026-01-03T02:19:55.200Z,9500
Not Available,2026-01-03T02:19:49Z,78E7887F8D2943A88F71739E98C89633,Manacled,www.amazon.ca,2026-01-03T02:19:49Z,0
Not Available,2026-01-03T02:19:49.200Z,78E7887F8D2943A88F71739E98C89633,Manacled,www.amazon.ca,2026-01-03T02:19:20.700Z,28500
Not Available,2026-01-03T02:17:27Z,D5EFF15011854195B68281249C44311E,marked in your heart,www.amazon.ca,2026-01-03T02:17:27Z,0
Not Available,2026-01-03T02:17:27.300Z,D5EFF15011854195B68281249C44311E,marked in your heart,www.amazon.ca,2026-01-03T02:17:24.500Z,2800
Not Available,2026-01-03T02:10:40.200Z,D5EFF15011854195B68281249C44311E,marked in your heart,www.amazon.ca,2026-01-03T01:35:12.300Z,2127900
Not Available,2026-01-03T01:23:34.300Z,D5EFF15011854195B68281249C44311E,marked in your heart,www.amazon.ca,2026-01-03T01:06:55.600Z,998700
Not Available,2026-01-03T01:03:40.900Z,D5EFF15011854195B68281249C44311E,marked in your heart,www.amazon.ca,2026-01-03T01:00:19.900Z,201000
Not Available,2026-01-03T00:28:38.700Z,D5EFF15011854195B68281249C44311E,marked in your heart,www.amazon.ca,2026-01-03T00:27:51.700Z,47000
Not Available,2026-01-02T11:45:57.500Z,D5EFF15011854195B68281249C44311E,marked in your heart,www.amazon.ca,2026-01-02T11:45:54.100Z,3400
Not Available,2026-01-02T11:45:47.300Z,65C2E1E36CB6476D85D08DA0BAB4315D,Heartless,www.amazon.ca,2026-01-02T11:45:39.600Z,7700
Not Available,2026-01-02T11:45:17.200Z,B23959E258BA46A1953FB06A7D24AC54,The Fellowship of the Ring,www.amazon.ca,2026-01-02T11:44:44Z,33200
Not Available,2026-01-02T11:43:10.300Z,D5EFF15011854195B68281249C44311E,marked in your heart,www.amazon.ca,2026-01-02T11:22:58.900Z,1211400
Not Available,2026-01-01T11:31:56.500Z,D5EFF15011854195B68281249C44311E,marked in your heart,www.amazon.ca,2026-01-01T11:30:11Z,105500
Not Available,2026-01-01T11:25:01.600Z,D5EFF15011854195B68281249C44311E,marked in your heart,www.amazon.ca,2026-01-01T10:38:44.300Z,2777300
Not Available,2026-01-01T10:38:38.300Z,54A5A9B3503F4D9B9EF712B687F7E7B1,The Hobbit (Enhanced Edition),www.amazon.ca,2026-01-01T10:38:10Z,28300
Not Available,2026-01-01T02:34:39.500Z,D5EFF15011854195B68281249C44311E,marked in your heart,www.amazon.ca,2026-01-01T02:34:30.600Z,8900
Not Available,2025-12-31T10:36:52.200Z,D5EFF15011854195B68281249C44311E,marked in your heart,www.amazon.ca,2025-12-31T10:23:52.700Z,779500
Not Available,2025-12-31T10:13:34Z,D5EFF15011854195B68281249C44311E,marked in your heart,www.amazon.ca,2025-12-31T10:07:55.500Z,338500
Not Available,2025-12-31T10:07:41.500Z,D5EFF15011854195B68281249C44311E,marked in your heart,www.amazon.ca,2025-12-31T10:02:21.400Z,320100
Not Available,2025-12-31T10:02:15.100Z,D5EFF15011854195B68281249C44311E,marked in your heart,www.amazon.ca,2025-12-31T09:15:34Z,2801100
Not Available,2025-12-31T09:15:07.100Z,D5EFF15011854195B68281249C44311E,marked in your heart,www.amazon.ca,2025-12-31T09:14:22.600Z,44500
Not Available,2025-12-31T09:13:37Z,29073688D73B4C11AACA6D3D2351B60D,Love Across Time,www.amazon.ca,2025-12-31T09:13:37Z,0
Not Available,2025-12-31T09:13:37.800Z,29073688D73B4C11AACA6D3D2351B60D,Love Across Time,www.amazon.ca,2025-12-31T09:13:30.500Z,7300
Not Available,2025-12-31T09:13:28.900Z,F90795984FFA4037926AA94851BCC0AA,The Moon’s Wane,www.amazon.ca,2025-12-31T09:13:18.200Z,10700
Not Available,2025-12-31T09:13:07Z,D5EFF15011854195B68281249C44311E,marked in your heart,www.amazon.ca,2025-12-31T09:11:45.600Z,81400
Not Available,2025-12-31T08:25:29.900Z,D5EFF15011854195B68281249C44311E,marked in your heart,www.amazon.ca,2025-12-31T08:24:58.100Z,31800
Not Available,2025-12-31T03:41:50Z,59A96E199C45437FA84D193F14C145BA,My Hero Academia Vol. 1,www.amazon.ca,2025-12-31T03:41:50Z,0
Not Available,2025-12-31T03:41:50.700Z,59A96E199C45437FA84D193F14C145BA,My Hero Academia Vol. 1,www.amazon.ca,2025-12-31T03:40:03.300Z,107400
Not Available,2025-12-30T23:37:28.900Z,D5EFF15011854195B68281249C44311E,marked in your heart,www.amazon.ca,2025-12-30T23:37:25.500Z,3400
Not Available,2025-12-30T23:26:32.300Z,59A96E199C45437FA84D193F14C145BA,My Hero Academia Vol. 1,www.amazon.ca,2025-12-30T23:26:29.400Z,2900
Not Available,2025-12-30T23:26:21Z,B23959E258BA46A1953FB06A7D24AC54,The Fellowship of the Ring,www.amazon.ca,2025-12-30T23:25:23.500Z,57500
Not Available,2025-12-30T12:05:27.900Z,D5EFF15011854195B68281249C44311E,marked in your heart,www.amazon.ca,2025-12-30T11:59:29.500Z,358400
Not Available,2025-12-30T11:59:28Z,D5EFF15011854195B68281249C44311E,marked in your heart,www.amazon.ca,2025-12-30T11:43:19.200Z,968800
Not Available,2025-12-30T11:40:57.700Z,D5EFF15011854195B68281249C44311E,marked in your heart,www.amazon.ca,2025-12-30T11:20:45.500Z,1212200
Not Available,2025-12-30T11:20:44.300Z,D5EFF15011854195B68281249C44311E,marked in your heart,www.amazon.ca,2025-12-30T11:04:52.600Z,951700
Not Available,2025-12-30T11:02:02.800Z,D5EFF15011854195B68281249C44311E,marked in your heart,www.amazon.ca,2025-12-30T11:01:30.300Z,32500
Not Available,2025-12-30T11:01:20.300Z,D5EFF15011854195B68281249C44311E,marked in your heart,www.amazon.ca,2025-12-30T11:01:16.800Z,3500
Not Available,2025-12-30T11:00:14.500Z,D5EFF15011854195B68281249C44311E,marked in your heart,www.amazon.ca,2025-12-30T10:47:10.400Z,784100
Not Available,2025-12-30T10:47:08.900Z,59A96E199C45437FA84D193F14C145BA,My Hero Academia Vol. 1,www.amazon.ca,2025-12-30T10:45:20.800Z,108100
Not Available,2025-12-30T10:45:06Z,59A96E199C45437FA84D193F14C145BA,My Hero Academia Vol. 1,www.amazon.ca,2025-12-30T10:44:59.100Z,6900
Not Available,2025-12-30T10:44:53.500Z,59A96E199C45437FA84D193F14C145BA,My Hero Academia Vol. 1,www.amazon.ca,2025-12-30T10:44:19.400Z,34100
Not Available,2025-12-30T05:48:09Z,59A96E199C45437FA84D193F14C145BA,My Hero Academia Vol. 1,www.amazon.ca,2025-12-30T05:48:09Z,0
Not Available,2025-12-30T05:48:09.600Z,59A96E199C45437FA84D193F14C145BA,My Hero Academia Vol. 1,www.amazon.ca,2025-12-30T05:45:02.900Z,186700
Not Available,2025-12-30T05:45:01Z,59A96E199C45437FA84D193F14C145BA,My Hero Academia Vol. 1,www.amazon.ca,2025-12-30T05:45:01Z,0
Not Available,2025-12-30T05:45:01.500Z,59A96E199C45437FA84D193F14C145BA,My Hero Academia Vol. 1,www.amazon.ca,2025-12-30T05:44:37.200Z,24300
Not Available,2025-12-29T11:37:53Z,D5EFF15011854195B68281249C44311E,marked in your heart,www.amazon.ca,2025-12-29T11:37:53Z,0
Not Available,2025-12-29T11:37:53.900Z,D5EFF15011854195B68281249C44311E,marked in your heart,www.amazon.ca,2025-12-29T11:34:21.600Z,212300
Not Available,2025-12-29T11:34:20Z,01CA9E9573B94A098A9DF27C38AAACEC,The Hunger Games,www.amazon.ca,2025-12-29T11:34:20Z,0
Not Available,2025-12-29T11:34:20.500Z,01CA9E9573B94A098A9DF27C38AAACEC,The Hunger Games,www.amazon.ca,2025-12-29T11:34:07.100Z,13400
Not Available,2025-12-29T11:34:06.200Z,D5EFF15011854195B68281249C44311E,marked in your heart,www.amazon.ca,2025-12-29T11:34:00.100Z,6100
Not Available,2025-12-29T11:32:50.900Z,01CA9E9573B94A098A9DF27C38AAACEC,The Hunger Games,www.amazon.ca,2025-12-29T11:32:40.300Z,10600
Not Available,2025-12-29T11:32:25.100Z,D5EFF15011854195B68281249C44311E,marked in your heart,www.amazon.ca,2025-12-29T11:01:35.500Z,1849600
Not Available,2025-12-29T10:59:31Z,D5EFF15011854195B68281249C44311E,marked in your heart,www.amazon.ca,2025-12-29T10:59:31Z,0
Not Available,2025-12-29T10:59:31.300Z,D5EFF15011854195B68281249C44311E,marked in your heart,www.amazon.ca,2025-12-29T10:59:27.700Z,3600
Not Available,2025-12-29T10:58:29Z,F90795984FFA4037926AA94851BCC0AA,The Moon’s Wane,www.amazon.ca,2025-12-29T10:58:29Z,0
Not Available,2025-12-29T10:58:29.500Z,F90795984FFA4037926AA94851BCC0AA,The Moon’s Wane,www.amazon.ca,2025-12-29T10:57:32Z,57500
Not Available,2025-12-29T10:57:26Z,D5EFF15011854195B68281249C44311E,marked in your heart,www.amazon.ca,2025-12-29T10:56:37.900Z,48100
Not Available,2025-12-29T10:56:35Z,29073688D73B4C11AACA6D3D2351B60D,Love Across Time,www.amazon.ca,2025-12-29T10:56:35Z,0
Not Available,2025-12-29T10:56:35.600Z,29073688D73B4C11AACA6D3D2351B60D,Love Across Time,www.amazon.ca,2025-12-29T10:55:59.100Z,36500
Not Available,2025-12-29T10:55:57.900Z,F90795984FFA4037926AA94851BCC0AA,The Moon’s Wane,www.amazon.ca,2025-12-29T10:55:15.600Z,42300
Not Available,2025-12-29T10:42:40Z,89064185C5624DE4993C5079369DE20C,What Should Be (and What Should Have Been),www.amazon.ca,2025-12-29T10:42:40Z,0
Not Available,2025-12-29T10:42:40.400Z,89064185C5624DE4993C5079369DE20C,What Should Be (and What Should Have Been),www.amazon.ca,2025-12-29T10:04:45.900Z,2274500
Not Available,2025-12-29T10:04:40.400Z,6DB4151DF8904BC1A980E5D385DF1973,Sunrise on the Reaping,www.amazon.ca,2025-12-29T10:04:22.300Z,18100
Not Available,2025-12-29T10:04:05.200Z,89064185C5624DE4993C5079369DE20C,What Should Be (and What Should Have Been),www.amazon.ca,2025-12-29T10:00:03Z,242200
Not Available,2025-12-29T10:00:00.200Z,89064185C5624DE4993C5079369DE20C,What Should Be (and What Should Have Been),www.amazon.ca,2025-12-29T09:59:45Z,15200
Not Available,2025-12-29T09:59:14.200Z,89064185C5624DE4993C5079369DE20C,What Should Be (and What Should Have Been),www.amazon.ca,2025-12-29T09:59:07.600Z,6600
Not Available,2025-12-28T12:01:28.900Z,89064185C5624DE4993C5079369DE20C,What Should Be (and What Should Have Been),www.amazon.ca,2025-12-28T11:56:21Z,307900
Not Available,2025-12-28T11:54:34.400Z,89064185C5624DE4993C5079369DE20C,What Should Be (and What Should Have Been),www.amazon.ca,2025-12-28T11:11:27.300Z,2587100
Not Available,2025-12-28T11:11:17.100Z,54A5A9B3503F4D9B9EF712B687F7E7B1,The Hobbit (Enhanced Edition),www.amazon.ca,2025-12-28T11:11:13.200Z,3900
Not Available,2025-12-28T11:11:11.500Z,89064185C5624DE4993C5079369DE20C,What Should Be (and What Should Have Been),www.amazon.ca,2025-12-28T10:53:48.200Z,1043300
Not Available,2025-12-28T10:48:34.100Z,89064185C5624DE4993C5079369DE20C,What Should Be (and What Should Have Been),www.amazon.ca,2025-12-28T10:06:38.700Z,2515400
Not Available,2025-12-28T10:04:37.400Z,89064185C5624DE4993C5079369DE20C,What Should Be (and What Should Have Been),www.amazon.ca,2025-12-28T09:58:52.900Z,344500
Not Available,2025-12-28T09:58:50.700Z,89064185C5624DE4993C5079369DE20C,What Should Be (and What Should Have Been),www.amazon.ca,2025-12-28T09:58:43.500Z,7200
Not Available,2025-12-28T09:37:56.800Z,89064185C5624DE4993C5079369DE20C,What Should Be (and What Should Have Been),www.amazon.ca,2025-12-28T09:19:01.700Z,1135100
Not Available,2025-12-28T09:18:58.500Z,89064185C5624DE4993C5079369DE20C,What Should Be (and What Should Have Been),www.amazon.ca,2025-12-28T09:17:53.500Z,65000
Not Available,2025-12-28T09:17:52.200Z,54A5A9B3503F4D9B9EF712B687F7E7B1,The Hobbit (Enhanced Edition),www.amazon.ca,2025-12-28T09:17:41.400Z,10800
Not Available,2025-12-28T09:17:18.100Z,89064185C5624DE4993C5079369DE20C,What Should Be (and What Should Have Been),www.amazon.ca,2025-12-28T09:17:04.800Z,13300
Not Available,2025-12-28T09:16:26.600Z,89064185C5624DE4993C5079369DE20C,What Should Be (and What Should Have Been),www.amazon.ca,2025-12-28T09:14:59.600Z,87000
Not Available,2025-12-28T09:14:07.900Z,788C854093B54A26B6AF2F1930E887D2,Wings of Starlight,www.amazon.ca,2025-12-28T09:14:04.300Z,3600
Not Available,2025-12-28T09:13:59.900Z,B23959E258BA46A1953FB06A7D24AC54,The Fellowship of the Ring,www.amazon.ca,2025-12-28T09:13:53.200Z,6700
Not Available,2025-12-28T09:13:50.600Z,54A5A9B3503F4D9B9EF712B687F7E7B1,The Hobbit (Enhanced Edition),www.amazon.ca,2025-12-28T09:13:47.100Z,3500
Not Available,2025-12-28T09:13:33.200Z,89064185C5624DE4993C5079369DE20C,What Should Be (and What Should Have Been),www.amazon.ca,2025-12-28T09:09:07.200Z,266000
Not Available,2025-12-28T09:08:11.500Z,89064185C5624DE4993C5079369DE20C,What Should Be (and What Should Have Been),www.amazon.ca,2025-12-28T09:08:04.800Z,6700
Not Available,2025-12-28T09:07:51Z,9589E9ED671B4D09B1C63516FBBA6C6C,The Prisoner’s Throne,www.amazon.ca,2025-12-28T09:07:51Z,0
Not Available,2025-12-28T09:07:51.200Z,9589E9ED671B4D09B1C63516FBBA6C6C,The Prisoner’s Throne,www.amazon.ca,2025-12-28T09:07:33.600Z,17600
Not Available,2025-12-28T09:07:03Z,6DB4151DF8904BC1A980E5D385DF1973,Sunrise on the Reaping,www.amazon.ca,2025-12-28T09:07:03Z,0
Not Available,2025-12-28T09:07:03.200Z,6DB4151DF8904BC1A980E5D385DF1973,Sunrise on the Reaping,www.amazon.ca,2025-12-28T09:06:46.500Z,16700
Not Available,2025-12-28T09:06:25Z,788C854093B54A26B6AF2F1930E887D2,Wings of Starlight,www.amazon.ca,2025-12-28T09:06:25Z,0
Not Available,2025-12-28T09:06:25Z,788C854093B54A26B6AF2F1930E887D2,Wings of Starlight,www.amazon.ca,2025-12-28T09:06:10.900Z,14100
Not Available,2025-12-28T09:05:47Z,B23959E258BA46A1953FB06A7D24AC54,The Fellowship of the Ring,www.amazon.ca,2025-12-28T09:05:47Z,0
Not Available,2025-12-28T09:05:47.200Z,B23959E258BA46A1953FB06A7D24AC54,The Fellowship of the Ring,www.amazon.ca,2025-12-28T09:05:28.100Z,19100
Not Available,2025-12-28T09:05:25.100Z,54A5A9B3503F4D9B9EF712B687F7E7B1,The Hobbit (Enhanced Edition),www.amazon.ca,2025-12-28T09:04:56.900Z,28200
Not Available,2025-12-28T09:04:54Z,89064185C5624DE4993C5079369DE20C,What Should Be (and What Should Have Been),www.amazon.ca,2025-12-28T09:04:54Z,0
Not Available,2025-12-28T09:04:54.700Z,89064185C5624DE4993C5079369DE20C,What Should Be (and What Should Have Been),www.amazon.ca,2025-12-28T08:58:46.800Z,367900
Not Available,2025-12-28T08:58:42.200Z,89064185C5624DE4993C5079369DE20C,What Should Be (and What Should Have Been),www.amazon.ca,2025-12-28T08:58:36.900Z,5300
Not Available,2025-12-28T08:58:13.200Z,89064185C5624DE4993C5079369DE20C,What Should Be (and What Should Have Been),www.amazon.ca,2025-12-28T08:57:22.800Z,50400
Not Available,2025-12-28T08:06:13.600Z,Not Available,Not Available,www.amazon.ca,2025-12-28T08:06:10.400Z,3200
Not Available,2025-12-28T07:53:45Z,89064185C5624DE4993C5079369DE20C,What Should Be (and What Should Have Been),www.amazon.ca,2025-12-28T07:53:45Z,0
Not Available,2025-12-28T07:53:21.900Z,89064185C5624DE4993C5079369DE20C,What Should Be (and What Should Have Been),www.amazon.ca,2025-12-28T07:53:08.100Z,13800
Not Available,2025-12-28T07:52:54.800Z,Not Available,Not Available,www.amazon.ca,2025-12-28T07:52:30Z,24800
Not Available,2025-12-28T07:51:51.700Z,89064185C5624DE4993C5079369DE20C,What Should Be (and What Should Have Been),www.amazon.ca,2025-12-28T07:49:38.500Z,133200
Not Available,2025-12-28T02:26:22.600Z,89064185C5624DE4993C5079369DE20C,What Should Be (and What Should Have Been),www.amazon.ca,2025-12-28T02:23:11.200Z,191400
Not Available,2025-12-28T00:24:33.370Z,65C2E1E36CB6476D85D08DA0BAB4315D,Heartless,www.amazon.ca,2025-12-28T00:24:33.370Z,0
Not Available,2025-12-27T23:27:03.500Z,54A5A9B3503F4D9B9EF712B687F7E7B1,The Hobbit (Enhanced Edition),www.amazon.ca,2025-12-27T23:26:08.400Z,55100
Not Available,2025-12-27T23:14:25Z,B23959E258BA46A1953FB06A7D24AC54,The Fellowship of the Ring,www.amazon.ca,2025-12-27T23:14:25Z,0
Not Available,2025-12-27T23:14:25.500Z,B23959E258BA46A1953FB06A7D24AC54,The Fellowship of the Ring,www.amazon.ca,2025-12-27T23:14:07.500Z,18000
Not Available,2025-12-27T23:10:02Z,54A5A9B3503F4D9B9EF712B687F7E7B1,The Hobbit (Enhanced Edition),www.amazon.ca,2025-12-27T23:10:02Z,0
Not Available,2025-12-27T23:10:02.700Z,54A5A9B3503F4D9B9EF712B687F7E7B1,The Hobbit (Enhanced Edition),www.amazon.ca,2025-12-27T23:09:45.100Z,17600
Not Available,2025-12-27T22:54:22Z,A1C6B344090845229203C819D000B053,The Beauty of Darkness,www.amazon.ca,2025-12-27T22:54:22Z,0
Not Available,2025-12-27T22:54:22.700Z,A1C6B344090845229203C819D000B053,The Beauty of Darkness,www.amazon.ca,2025-12-27T22:54:17.600Z,5100
Not Available,2025-12-27T22:50:51Z,9589E9ED671B4D09B1C63516FBBA6C6C,The Prisoner’s Throne,www.amazon.ca,2025-12-27T22:50:51Z,0
Not Available,2025-12-27T22:50:51.600Z,9589E9ED671B4D09B1C63516FBBA6C6C,The Prisoner’s Throne,www.amazon.ca,2025-12-27T22:50:44Z,7600
Not Available,2025-12-27T22:23:20Z,502355FBE3F34444A578E8ACEB9E40A0,The Ballad of Never After,www.amazon.ca,2025-12-27T22:23:20Z,0
Not Available,2025-12-27T22:23:20.500Z,502355FBE3F34444A578E8ACEB9E40A0,The Ballad of Never After,www.amazon.ca,2025-12-27T22:23:04.800Z,15700
Not Available,2025-12-27T22:13:01Z,84E5C44F27ED4C06AC4253403B52E124,Once Upon a Broken Heart,www.amazon.ca,2025-12-27T22:13:01Z,0
Not Available,2025-12-27T22:13:01.300Z,84E5C44F27ED4C06AC4253403B52E124,Once Upon a Broken Heart,www.amazon.ca,2025-12-27T22:12:48.700Z,12600
Not Available,2025-12-27T21:49:36Z,788C854093B54A26B6AF2F1930E887D2,Wings of Starlight,www.amazon.ca,2025-12-27T21:49:36Z,0
Not Available,2025-12-27T21:49:36.800Z,788C854093B54A26B6AF2F1930E887D2,Wings of Starlight,www.amazon.ca,2025-12-27T21:49:30.100Z,6700
Not Available,2025-12-27T21:49:22Z,B3A043188AB34DF9A8FE43642BBB11A3,Frankenstein,www.amazon.ca,2025-12-27T21:49:22Z,0
Not Available,2025-12-27T21:49:22.900Z,B3A043188AB34DF9A8FE43642BBB11A3,Frankenstein,www.amazon.ca,2025-12-27T21:49:16.300Z,6600
Not Available,2025-12-27T21:39:48Z,6DB4151DF8904BC1A980E5D385DF1973,Sunrise on the Reaping,www.amazon.ca,2025-12-27T21:39:48Z,0
Not Available,2025-12-27T21:39:46.300Z,6DB4151DF8904BC1A980E5D385DF1973,Sunrise on the Reaping,www.amazon.ca,2025-12-27T21:39:02.700Z,43600
Not Available,2025-12-27T21:37:55Z,6DB4151DF8904BC1A980E5D385DF1973,Sunrise on the Reaping,www.amazon.ca,2025-12-27T21:37:49.300Z,5700
Not Available,2025-12-27T21:37:43Z,6DB4151DF8904BC1A980E5D385DF1973,Sunrise on the Reaping,www.amazon.ca,2025-12-27T21:37:43Z,0
Not Available,2025-12-27T21:37:43Z,6DB4151DF8904BC1A980E5D385DF1973,Sunrise on the Reaping,www.amazon.ca,2025-12-27T21:36:11Z,92000
