Book Id,Title,Author,Author l-f,Additional Authors,ISBN,ISBN13,My Rating,Average Rating,Publisher,Binding,Number of Pages,Year Published,Original Publication Year,Date Read,Date Added,Bookshelves,Bookshelves with positions,Exclusive Shelf,My Review,Spoiler,Private Notes,Read Count,Owned Copies
9408584,"An Offer From a Gentleman (Bridgertons, #3)",Julia Quinn,"Quinn, Julia",,"=""""","=""""",5,3.94,Avon,Paperback,390,2009,2001,2025/02/17,2025/02/22,,,read,,,,1,0
27883214,"Caraval (Caraval, #1)",Stephanie Garber,"Garber, Stephanie",,"=""1250095255""","=""9781250095251""",4,3.97,Flatiron Books,Hardcover,407,2017,2016,2026/01/24,2023/07/17,fantasy,fantasy (#10),read,,,,1,0
60581370,"The Jasad Heir (The Scorched Throne, #1)",Sara  Hashem,"Hashem, Sara",,"=""0316477869""","=""9780316477864""",5,4.06,Orbit Books,Paperback,523,2023,2023,2026/02/11,2026/01/18,,,read,,,,1,0
216623880,"The Jasad Crown (The Scorched Throne, #2)",Sara  Hashem,"Hashem, Sara",,"=""0356520420""","=""9780356520421""",5,4.39,Orbit,Kindle Edition,681,2025,2025,2026/02/22,2026/02/11,,,read,,,,1,0
60784546,"Divine Rivals (Letters of Enchantment, #1)",Rebecca   Ross,"Ross, Rebecca",,"=""1250857430""","=""9781250857439""",0,4.15,Wednesday Books,Hardcover,368,2023,2023,,2023/07/31,currently-reading,currently-reading (#3),currently-reading,,,,1,0
35702241,"The Shadows Between Us (The Stathos Sisters, #1)",Tricia Levenseller,"Levenseller, Tricia",,"=""1250189969""","=""9781250189967""",0,3.81,Feiwel and Friends,Hardcover,326,2020,2020,,2026/02/22,to-read,to-read (#67),to-read,,,,0,0
216725635,"A Tongue so Sweet and Deadly (Compelling Fates Saga, #1)",Sophia St. Germain,"Germain, Sophia St.",,"=""9153105591""","=""9789153105596""",0,4.01,Boldwood Books,Kindle Edition,476,2024,2024,,2026/02/22,to-read,to-read (#66),to-read,,,,0,0
15839976,"Red Rising (Red Rising Saga, #1)",Pierce Brown,"Brown, Pierce",,"=""0345539788""","=""9780345539786""",0,4.27,Del Rey,Hardcover,382,2014,2014,,2026/02/22,to-read,to-read (#65),to-read,,,,0,0
57945316,Babel,R.F. Kuang,"Kuang, R.F.",,"=""0063021420""","=""9780063021426""",0,4.14,Harper Voyager,Hardcover,544,2022,2022,,2026/02/18,to-read,to-read (#64),to-read,,,,0,0
210223811,Katabasis,R.F. Kuang,"Kuang, R.F.",,"=""""","=""""",0,3.77,HarperVoyager,Kindle Edition,559,2025,2025,,2026/02/18,to-read,to-read (#63),to-read,,,,0,0
222376906,Wild Reverence,Rebecca   Ross,"Ross, Rebecca",,"=""1250373352""","=""9781250373359""",0,4.34,Saturday Books,Hardcover,527,2025,2025,,2026/02/15,to-read,to-read (#62),to-read,,,,0,0
56554281,"This Woven Kingdom (This Woven Kingdom, #1)",Tahereh Mafi,"Mafi, Tahereh",,"=""0062972464""","=""9780062972460""",0,3.94,HarperCollins,ebook,512,2022,2022,,2026/02/15,to-read,to-read (#61),to-read,,,,0,0
58132544,"A River Enchanted (Elements of Cadence, #1)",Rebecca   Ross,"Ross, Rebecca",,"=""0063055988""","=""9780063055988""",0,4.06,Harper Voyager,Hardcover,467,2022,2022,,2026/01/18,to-read,to-read (#60),to-read,,,,0,0
58650445,"Heavenly Bodies (Heavenly Bodies, #1)",Imani Erriu,"Erriu, Imani",,"=""""","=""""",0,3.97,,Paperback,480,2022,2022,,2026/01/18,to-read,to-read (#59),to-read,,,,0,0
35031085,Frankenstein: The 1818 Text,Mary Wollstonecraft Shelley,"Shelley, Mary Wollstonecraft",Charlotte  Gordon,"=""0143131842""","=""9780143131847""",0,3.91,Penguin Publishing Group,Paperback,260,2018,1818,,2025/11/02,to-read,to-read (#58),to-read,,,,0,0
256683,"City of Bones (The Mortal Instruments, #1)",Cassandra Clare,"Clare, Cassandra",,"=""1416914285""","=""9781416914280""",0,4.07,Margaret K. McElderry Books,Hardcover,485,2007,2007,,2025/10/16,to-read,to-read (#57),to-read,,,,0,0
59314662,A Thousand Heartbeats,Kiera Cass,"Cass, Kiera",,"=""0062665782""","=""9780062665782""",0,3.91,HarperTeen,Hardcover,576,2022,2022,,2025/10/14,to-read,to-read (#56),to-read,,,,0,0
25912358,"A Thousand Boy Kisses (A Thousand Boy Kisses, #1)",Tillie Cole,"Cole, Tillie",,"=""""","=""""",0,4.04,,ebook,316,2016,2016,,2025/07/30,to-read,to-read (#55),to-read,,,,0,0
42080479,"The School for Good and Evil (The School for Good and Evil, #1)",Soman Chainani,"Chainani, Soman",Iacopo Bruno,"=""006210490X""","=""9780062104908""",0,3.98,HarperCollins,Paperback,488,2018,2013,,2024/03/09,to-read,to-read (#54),to-read,,,,0,0
55710822,"Better Than the Movies (Better Than the Movies, #1)",Lynn Painter,"Painter, Lynn",,"=""1534467629""","=""9781534467620""",0,4.25,Simon & Schuster Books for Young Readers,Hardcover,356,2021,2021,,2023/07/18,"contemporary, currently-reading","contemporary (#9), currently-reading (#2)",currently-reading,,,,1,0
59357120,Yellowface,R.F. Kuang,"Kuang, R.F.",,"=""""","=""""",0,3.72,The Borough Press,Hardcover,329,2023,2023,,2023/08/17,to-read,to-read (#53),to-read,,,,0,0
61431922,"Fourth Wing (The Empyrean, #1)",Rebecca Yarros,"Yarros, Rebecca",,"=""1649374046""","=""9781649374042""",0,4.57,Entangled: Red Tower Books,Hardcover,517,2023,2023,,2023/07/18,"fantasy, currently-reading","fantasy (#13), currently-reading (#1)",currently-reading,,,,1,0
10429045,"Shatter Me (Shatter Me, #1)",Tahereh Mafi,"Mafi, Tahereh",,"=""0062085484""","=""9780062085481""",3,3.84,Harper,Hardcover,338,2011,2011,2023/08/14,2023/06/27,fantasy,fantasy (#5),read,,,,1,0
23349901,Percy Jackson's Greek Heroes,Rick Riordan,"Riordan, Rick",John Rocco,"=""1423183657""","=""9781423183655""",0,4.41,Disney-Hyperion Books,Hardcover,404,2015,2015,,2023/08/12,,,read,,,,1,0
12127810,"The House of Hades (The Heroes of Olympus, #4)",Rick Riordan,"Riordan, Rick",,"=""1423146727""","=""9781423146728""",0,4.57,Disney-Hyperion Books,Hardcover,597,2013,2013,,2023/08/12,,,read,,,,1,0
12127750,"The Mark of Athena (The Heroes of Olympus, #3)",Rick Riordan,"Riordan, Rick",,"=""1423140605""","=""9781423140603""",0,4.47,Disney-Hyperion Books,Hardcover,586,2012,2012,,2023/08/12,,,read,,,,1,0
9520360,"The Son of Neptune (The Heroes of Olympus, #2)",Rick Riordan,"Riordan, Rick",,"=""1423140591""","=""9781423140597""",0,4.40,Disney-Hyperion Books,Hardcover,521,2011,2011,,2023/08/12,,,read,,,,1,0
7736182,"The Lost Hero (The Heroes of Olympus, #1)",Rick Riordan,"Riordan, Rick",,"=""142311339X""","=""9781423113393""",0,4.29,Disney-Hyperion Books,Hardcover,576,2010,2010,,2023/08/12,,,read,,,,1,0
4556058,"The Last Olympian (Percy Jackson and the Olympians, #5)",Rick Riordan,"Riordan, Rick",,"=""1423101472""","=""9781423101475""",0,4.55,Disney-Hyperion Books,Hardcover,381,2009,2009,,2023/08/12,,,read,,,,1,0
2120932,"The Battle of the Labyrinth (Percy Jackson and the Olympians, #4)",Rick Riordan,"Riordan, Rick",,"=""1423101464""","=""9781423101468""",0,4.42,Hyperion Books for Children,Hardcover,361,2008,2008,,2023/08/12,,,read,,,,1,0
561456,"The Titan’s Curse (Percy Jackson and the Olympians, #3)",Rick Riordan,"Riordan, Rick",,"=""""","=""""",0,4.37,Puffin Books,Kindle Edition,352,2007,2007,,2023/08/12,,,read,,,,1,0
40727118,"The Sea of Monsters (Percy Jackson and the Olympians, #2)",Rick Riordan,"Riordan, Rick",مریم حیدری,"=""0120000318""","=""9780120000319""",0,4.24,Disney-Hyperion,Hardcover,279,,2006,,2023/08/12,,,read,,,,1,0
29056083,"Harry Potter and the Cursed Child: Parts One and Two (Harry Potter, #8)",J.K. Rowling,"Rowling, J.K.","Jack Thorne, John Tiffany","=""0540027340""","=""9780540027347""",0,3.47,"Little, Brown",Hardcover,343,2016,2016,,2023/08/12,,,read,,,,1,0
136251,"Harry Potter and the Deathly Hallows (Harry Potter, #7)",J.K. Rowling,"Rowling, J.K.",,"=""""","=""""",0,4.62,Arthur A. Levine Books,Hardcover,759,2007,2007,,2023/08/12,,,read,,,,1,0
1,"Harry Potter and the Half-Blood Prince (Harry Potter, #6)",J.K. Rowling,"Rowling, J.K.",,"=""""","=""""",0,4.58,Scholastic Inc,Paperback,652,2006,2005,,2023/08/12,,,read,,,,1,0
2,"Harry Potter and the Order of the Phoenix (Harry Potter, #5)",J.K. Rowling,"Rowling, J.K.",Mary GrandPré,"=""0439686520""","=""9780439686525""",0,4.50,Scholastic Inc.,Paperback,870,2004,2003,,2023/08/12,,,read,,,,1,0
6,"Harry Potter and the Goblet of Fire (Harry Potter, #4)",J.K. Rowling,"Rowling, J.K.",Mary GrandPré,"=""0439139597""","=""9780439139595""",0,4.57,Scholastic,Paperback,734,2002,2000,,2023/08/12,,,read,,,,1,0
5,"Harry Potter and the Prisoner of Azkaban (Harry Potter, #3)",J.K. Rowling,"Rowling, J.K.",Mary GrandPré,"=""043965548X""","=""9780439655484""",0,4.58,Scholastic Inc.,Mass Market Paperback,547,2004,1999,,2023/08/12,,,read,,,,1,0
15881,"Harry Potter and the Chamber of Secrets (Harry Potter, #2)",J.K. Rowling,"Rowling, J.K.",Mary GrandPré,"=""""","=""""",0,4.43,Arthur A. Levine Books,Hardcover,352,1999,1998,,2023/08/12,,,read,,,,1,0
61250159,"The Prisoner’s Throne (The Stolen Heir Duology, #2)",Holly Black,"Black, Holly",,"=""0316592730""","=""9780316592734""",0,3.87,"Little, Brown",Kindle Edition,359,2024,2024,,2023/08/09,to-read,to-read (#52),to-read,,,,0,0
61198133,"The Stolen Heir (The Stolen Heir Duology, #1)",Holly Black,"Black, Holly",,"=""0316592706""","=""9780316592703""",5,3.92,"Little, Brown Books for Young Readers",Hardcover,356,2023,2023,2023/08/09,2023/07/27,fantasy,fantasy (#23),read,,,,1,0
63099811,"A Prince So Cruel (Healer of Kingdoms, #1)",Ingrid Seymour,"Seymour, Ingrid",,"=""""","=""""",0,3.82,PenDreams,Kindle Edition,287,2022,2022,,2023/08/08,to-read,to-read (#52),to-read,,,,0,0
17699853,"Chain of Gold (The Last Hours, #1)",Cassandra Clare,"Clare, Cassandra",,"=""1481431870""","=""9781481431873""",0,4.37,Margaret K. McElderry Books,Hardcover,582,2020,2020,,2023/08/04,to-read,to-read (#52),to-read,,,,0,0
55780357,"How the King of Elfhame Learned to Hate Stories (The Folk of the Air, #3.5)",Holly Black,"Black, Holly",,"=""147141048X""","=""9781471410482""",5,4.14,Hot Key Books,Hardcover,192,2020,2020,2023/08/04,2023/08/03,,,read,,,,1,0
48912264,"The Queen of Nothing (The Folk of the Air, #3)",Holly Black,"Black, Holly",,"=""031642708X""","=""9780316427081""",5,4.33,,Hardcover,305,2019,2019,2023/08/03,2023/08/02,,,read,,,,1,0
26032887,"The Wicked King (The Folk of the Air, #2)",Holly Black,"Black, Holly",,"=""0316310336""","=""9780316310338""",5,4.27,"Little, Brown Books for Young Readers",ebook,336,2019,2019,2023/08/02,2023/07/29,,,read,,,,1,0
36300670,"The City of Brass (The Daevabad Trilogy, #1)",S.A. Chakraborty,"Chakraborty, S.A.",Soneela Nankani,"=""0062742647""","=""9780062742643""",0,4.14,HarperAudio,Audiobook,20,2017,2017,,2023/07/30,"to-read, fantasy","to-read (#51), fantasy (#26)",to-read,,,,0,0
51035594,The Do-Over,Lynn Painter,"Painter, Lynn",,"=""""","=""""",0,3.91,Simon Pulse,Hardcover,304,2022,2022,,2023/07/26,"to-read, contemporary","to-read (#44), contemporary (#15)",to-read,,,,0,0
68428,"Mistborn: The Final Empire (Mistborn, #1)",Brandon Sanderson,"Sanderson, Brandon",,"=""""","=""9780765311788""",0,4.49,Tor Books,Hardcover,541,2006,2006,,2023/07/30,to-read,to-read (#50),to-read,,,,0,0
50892212,"These Violent Delights (These Violent Delights, #1)",Chloe Gong,"Gong, Chloe",,"=""1534457690""","=""9781534457690""",0,3.79,Margaret K. McElderry Books,Hardcover,449,2020,2020,,2023/07/30,to-read,to-read (#49),to-read,,,,0,0
50747659,A Winter's Promise,Christelle Dabos,"Dabos, Christelle",Emmy Fenney,"=""""","=""""",0,4.01,"Dreamscape Media, LLC",Audible Audio,14,2019,2013,,2023/07/30,to-read,to-read (#48),to-read,,,,0,0
40874032,"Vicious (Villains, #1)",V.E. Schwab,"Schwab, V.E.",Victoria Schwab,"=""""","=""""",0,4.18,Tor Books,Kindle Edition,402,2013,2013,,2023/07/30,to-read,to-read (#47),to-read,,,,0,0
43046737,"The Gilded Wolves (The Gilded Wolves, #1)",Roshani Chokshi,"Chokshi, Roshani",,"=""1250237130""","=""9781250237132""",0,3.70,Wednesday Books,Hardcover,406,2019,2019,,2023/07/30,"to-read, fantasy","to-read (#46), fantasy (#25)",to-read,,,,0,0
28446392,"An Ember in the Ashes (An Ember in the Ashes, #1)",Sabaa Tahir,"Tahir, Sabaa",,"=""""","=""""",0,4.24,HarperVoyager,Paperback,450,2016,2015,,2023/07/30,"to-read, fantasy","to-read (#45), fantasy (#24)",to-read,,,,0,0
18485142,Isolation,Bex-chan,"Bex-chan, Bex-chan",,"=""""","=""""",5,4.23,archive of our own,ebook,573,2020,2010,2023/02/17,2023/02/17,,,read,,,,1,0
25944798,"The Beauty of Darkness (The Remnant Chronicles, #3)",Mary E. Pearson,"Pearson, Mary E.",,"=""0805099255""","=""9780805099256""",3,4.15,Henry Holt and Co. (BYR),Hardcover,684,2016,2016,2023/07/11,2023/06/30,,,read,,,,1,0
26032825,"The Cruel Prince (The Folk of the Air, #1)",Holly Black,"Black, Holly",,"=""0316310271""","=""9780316310277""",5,4.01,"Little, Brown Books for Young Readers",Hardcover,370,2018,2018,2023/07/29,2023/06/27,fantasy,fantasy (#3),read,,,,1,0
18584855,Heartless,Marissa Meyer,"Meyer, Marissa",,"=""1250044650""","=""9781250044655""",3,4.09,Feiwel & Friends,Hardcover,453,2016,2016,2023/07/25,2023/07/18,,,read,,,,1,0
61326735,"Love, Theoretically",Ali Hazelwood,"Hazelwood, Ali",,"=""1408725797""","=""9781408725795""",4,4.08,Sphere,Paperback,389,2023,2023,2023/07/26,2023/07/25,contemporary,contemporary (#14),read,,,,1,0
18007564,The Martian,Andy Weir,"Weir, Andy",,"=""0804139024""","=""9780804139021""",4,4.42,Crown Publishers,Hardcover,369,2014,2011,,2023/07/26,,,read,,,,1,0
20758104,"The Knife of Never Letting Go (Chaos Walking, #1)",Patrick Ness,"Ness, Patrick",,"=""0763676187""","=""9780763676186""",5,3.98,Candlewick Press,Paperback,528,2014,2008,,2023/07/26,,,read,,,,0,0
7171637,"Clockwork Angel (The Infernal Devices, #1)",Cassandra Clare,"Clare, Cassandra",,"=""1416975861""","=""9781416975861""",0,4.31,Margaret K. McElderry Books,Hardcover,479,2010,2010,,2023/07/23,"to-read, fantasy","to-read (#42), fantasy (#22)",to-read,,,,0,0
58690308,Book Lovers,Emily Henry,"Henry, Emily",,"=""0593334833""","=""9780593334836""",0,4.09,Berkley,Paperback,377,2022,2022,,2023/07/23,"to-read, contemporary","to-read (#41), contemporary (#13)",to-read,,,,0,0
86767939,"Terms and Conditions  (Dreamland Billionaires, #2)",Lauren Asher,"Asher, Lauren",,"=""1737507722""","=""9781737507727""",0,4.08,,Kindle Edition,494,2022,2022,,2023/07/23,"to-read, contemporary","to-read (#40), contemporary (#12)",to-read,,,,0,0
53375824,Lore,Alexandra Bracken,"Bracken, Alexandra",,"=""1484778200""","=""9781484778203""",0,3.74,Disney Hyperion,Hardcover,480,2021,2021,,2023/07/22,"to-read, fantasy","to-read (#38), fantasy (#21)",to-read,,,,0,0
10507293,"The Selection (The Selection, #1)",Kiera Cass,"Cass, Kiera",,"=""0062059939""","=""9780062059932""",0,4.07,HarperTeen,Hardcover,336,2012,2012,,2023/07/20,"to-read, fantasy","to-read (#37), fantasy (#20)",to-read,,,,0,0
27190613,"And I Darken (The Conqueror's Saga, #1)",Kiersten White,"White, Kiersten",,"=""0553522310""","=""9780553522310""",0,3.81,Delacorte Press,Hardcover,475,2016,2016,,2023/07/19,"to-read, fantasy","to-read (#36), fantasy (#19)",to-read,,,,0,0
35068705,"The Poppy War (The Poppy War, #1)",R.F. Kuang,"Kuang, R.F.",,"=""0062662597""","=""9780062662590""",0,4.16,Harper Voyager,Kindle Edition,545,2018,2018,,2023/07/18,"to-read, fantasy","to-read (#34), fantasy (#18)",to-read,,,,0,0
76703559,"Throne of Glass (Throne of Glass, #1)",Sarah J. Maas,"Maas, Sarah J.",,"=""163973094X""","=""9781639730940""",0,4.19,Bloomsbury Publishing,Hardcover,406,2023,2012,,2023/07/18,"to-read, fantasy","to-read (#33), fantasy (#17)",to-read,,,,0,0
52766407,"Today Tonight Tomorrow (Rowan & Neil, #1)",Rachel Lynn Solomon,"Solomon, Rachel Lynn",,"=""1534440240""","=""9781534440241""",0,4.02,Simon Pulse,Hardcover,364,2020,2020,,2023/07/18,"to-read, contemporary","to-read (#32), contemporary (#11)",to-read,,,,0,0
53086843,"You've Reached Sam (You've Reached Sam, #1)",Dustin Thao,"Thao, Dustin",,"=""1250762030""","=""9781250762030""",0,3.61,Wednesday Books,Hardcover,296,2021,2021,,2023/07/18,"to-read, contemporary","to-read (#31), contemporary (#10)",to-read,,,,0,0
53457092,"Six Crimson Cranes (Six Crimson Cranes, #1)",Elizabeth Lim,"Lim, Elizabeth",,"=""0593300939""","=""9780593300930""",0,4.17,Knopf,ebook,454,2021,2021,,2023/07/18,"to-read, fantasy","to-read (#30), fantasy (#16)",to-read,,,,0,0
9361589,The Night Circus,Erin Morgenstern,"Morgenstern, Erin",,"=""""","=""9780385534635""",0,4.00,Doubleday,Hardcover,506,2011,2011,,2023/07/18,"to-read, fantasy","to-read (#29), fantasy (#15)",to-read,,,,0,0
22328546,"Red Queen (Red Queen, #1)",Victoria Aveyard,"Aveyard, Victoria",,"=""0062310631""","=""9780062310637""",0,3.98,HarperTeen,Hardcover,388,2015,2015,,2023/07/18,"to-read, fantasy","to-read (#28), fantasy (#14)",to-read,,,,0,0
60714999,"The Serpent and the Wings of Night (Crowns of Nyaxia, #1)",Carissa Broadbent,"Broadbent, Carissa",,"=""""","=""""",0,4.26,Independently Published,Kindle Edition,504,2022,2022,,2023/07/18,"to-read, fantasy","to-read (#27), fantasy (#12)",to-read,,,,0,0
52735921,"Kingdom of the Wicked (Kingdom of the Wicked, #1)",Kerri Maniscalco,"Maniscalco, Kerri",,"=""0316428469""","=""9780316428460""",0,3.86,Jimmy Patterson Books,Hardcover,372,2020,2020,,2023/07/17,"to-read, fantasy","to-read (#26), fantasy (#11)",to-read,,,,0,0
55817097,"Twisted Love (Twisted, #1)",Ana Huang,"Huang, Ana",,"=""""","=""""",0,3.71,,Kindle Edition,360,2021,2021,,2023/07/17,"to-read, contemporary","to-read (#25), contemporary (#8)",to-read,,,,0,0
55987278,"Once Upon a Broken Heart (Once Upon a Broken Heart, #1)",Stephanie Garber,"Garber, Stephanie",,"=""1250268397""","=""9781250268396""",0,4.06,Flatiron Books,Hardcover,408,2021,2021,,2023/07/17,"to-read, fantasy","to-read (#24), fantasy (#9)",to-read,,,,0,0
100915,"The Lion, the Witch and the Wardrobe (Chronicles of Narnia, #1)",C.S. Lewis,"Lewis, C.S.","Per Svein Paulsen, Tormod Haugen","=""""","=""""",0,4.24,HarperCollins Publishers,Paperback,206,2005,1950,,2023/07/03,"to-read, fantasy","to-read (#23), fantasy (#8)",to-read,,,,0,0
36307634,"King of Scars (King of Scars, #1)",Leigh Bardugo,"Bardugo, Leigh",,"=""125014227X""","=""9781250142276""",0,4.15,Imprint,Kindle Edition,527,2019,2019,,2023/07/03,"to-read, fantasy","to-read (#22), fantasy (#7)",to-read,,,,0,0
54319549,"A Kingdom of Flesh and Fire (Blood and Ash, #2)",Jennifer L. Armentrout,"Armentrout, Jennifer L.",,"=""1952457106""","=""9781952457104""",0,4.32,Blue Box Press,Kindle Edition,637,2020,2020,,2023/06/30,"to-read, fantasy","to-read (#21), fantasy (#6)",to-read,,,,0,0
22299763,"Crooked Kingdom (Six of Crows, #2)",Leigh Bardugo,"Bardugo, Leigh",,"=""""","=""""",0,4.57,Orion Children's Books,Kindle Edition,561,2016,2016,,2023/06/27,"to-read, fantasy","to-read (#20), fantasy (#4)",to-read,,,,0,0
20820994,I'll Give You the Sun,Jandy Nelson,"Nelson, Jandy",,"=""0803734964""","=""9780803734968""",0,4.15,Dial Books,Hardcover,371,2014,2014,,2023/02/27,"to-read, contemporary","to-read (#16), contemporary (#7)",to-read,,,,0,0
36381037,"Cinder (The Lunar Chronicles, #1)",Marissa Meyer,"Meyer, Marissa",,"=""""","=""""",0,4.12,Feiwel & Friends,Hardcover,400,2012,2012,,2023/02/27,"to-read, fantasy","to-read (#15), fantasy (#2)",to-read,,,,0,0
15745753,Eleanor & Park,Rainbow Rowell,"Rowell, Rainbow",,"=""1250012570""","=""9781250012579""",0,3.92,St. Martin's Press,Hardcover,328,2013,2012,,2023/02/27,"to-read, contemporary","to-read (#14), contemporary (#6)",to-read,,,,0,0
46261182,"The Awakening (Zodiac Academy, #1)",Caroline Peckham,"Peckham, Caroline",Susanne Valenti,"=""""","=""""",0,3.82,Dark Ink Publishing,Kindle Edition,436,2019,2019,,2022/10/16,"to-read, fantasy","to-read (#11), fantasy (#1)",to-read,,,,0,0
60393672,"It Starts with Us (It Ends with Us, #2)",Colleen Hoover,"Hoover, Colleen",,"=""1668001225""","=""9781668001226""",0,3.84,Atria Books,Paperback,324,2022,2022,,2022/10/13,"to-read, contemporary","to-read (#10), contemporary (#5)",to-read,,,,0,0
52972480,Stealing the Bride,Nadia Lee,"Lee, Nadia",,"=""""","=""""",0,4.00,Four Isles Press,Kindle Edition,342,2019,2019,,2022/10/08,"to-read, contemporary","to-read (#9), contemporary (#4)",to-read,,,,0,0
58885776,The Dead Romantics,Ashley Poston,"Poston, Ashley",,"=""""","=""""",0,3.91,Berkley ,Paperback,368,2022,2022,,2022/09/27,"to-read, contemporary","to-read (#8), contemporary (#3)",to-read,,,,0,0
43582648,"One Moment Please (Wait with Me, #3)",Amy Daws,"Daws, Amy",,"=""1944565302""","=""9781944565305""",0,4.04,"Amy Daws, LLC",Kindle Edition,307,2020,2020,,2022/07/28,"to-read, contemporary","to-read (#2), contemporary (#2)",to-read,,,,0,0
60132774,"Preferential Treatment (Indecent Proposals, #2)",Heather Guerre,"Guerre, Heather",,"=""""","=""""",0,3.86,,ebook,244,2022,2022,,2022/06/19,"to-read, contemporary","to-read (#1), contemporary (#1)",to-read,,,,0,0
32620332,The Seven Husbands of Evelyn Hugo,Taylor Jenkins Reid,"Reid, Taylor Jenkins",,"=""1501139231""","=""9781501139239""",0,4.39,Atria Books,Hardcover,389,2017,2017,,2023/07/24,to-read,to-read (#43),to-read,,,,0,0
56404444,Bewilderment,Richard Powers,"Powers, Richard",,"=""0393881148""","=""9780393881141""",0,3.91,W. W. Norton Company,Hardcover,278,2021,2021,,2023/07/22,to-read,to-read (#39),to-read,,,,0,0
14061957,"Ruin and Rising (Shadow and Bone, #3)",Leigh Bardugo,"Bardugo, Leigh",,"=""""","=""""",5,3.97,Henry Holt and Company,Hardcover,432,2014,2014,2023/07/21,2023/07/17,,,read,,,,1,0
7260188,"Mockingjay (The Hunger Games, #3)",Suzanne Collins,"Collins, Suzanne",,"=""0439023513""","=""9780439023511""",5,4.12,Scholastic Press,Hardcover,390,2010,2010,2023/06/30,2023/02/27,,,read,,,,1,0
14061955,"Siege and Storm (The Shadow and Bone Trilogy, #2)",Leigh Bardugo,"Bardugo, Leigh",,"=""""","=""""",4,3.80,Henry Holt and Company,Hardcover,435,2013,2013,2023/07/19,2023/07/17,,,read,,,,1,0
51901147,"The Ballad of Songbirds and Snakes (The Hunger Games, #0)",Suzanne Collins,"Collins, Suzanne",,"=""""","=""""",5,3.99,Scholastic Press,Kindle Edition,652,2020,2020,2023/06/15,2023/06/15,,,read,,,,1,0
35796008,"Dance of Thieves (Dance of Thieves, #1)",Mary E. Pearson,"Pearson, Mary E.",,"=""1250159016""","=""9781250159014""",5,4.10,Henry Holt and Co. (BYR),Hardcover,512,2018,2018,2023/07/13,2022/06/19,,,read,,,,1,0
34196663,"Vow of Thieves (Dance of Thieves, #2)",Mary E. Pearson,"Pearson, Mary E.",,"=""1250162653""","=""9781250162656""",5,4.30,Henry Holt,Hardcover,480,2019,2019,2023/07/17,2023/07/19,,,read,,,,1,0
13623848,The Song of Achilles,Madeline Miller,"Miller, Madeline",,"=""""","=""""",0,4.30,Ecco,Paperback,408,2012,2011,,2023/07/19,to-read,to-read (#35),to-read,,,,0,0
10194157,"Shadow and Bone (Shadow and Bone, #1)",Leigh Bardugo,"Bardugo, Leigh",,"=""1250048117""","=""9781250048110""",5,3.91,Henry Holt & Company,Hardcover,358,2012,2012,2023/07/18,2023/07/03,,,read,,,,1,0
42201431,"The Unhoneymooners (Unhoneymooners, #1)",Christina Lauren,"Lauren, Christina",,"=""1501128035""","=""9781501128035""",2,3.89,Gallery Books,Paperback,432,2019,2019,2022/08/27,2022/06/19,,,read,,,,1,0
28260188,"Morrighan (The Remnant Chronicles, #0.5)",Mary E. Pearson,"Pearson, Mary E.",,"=""1627795413""","=""9781627795418""",5,3.92,Henry Holt and Co. (BYR),ebook,121,2016,2016,2023/07/11,2023/07/03,,,read,,,,1,0
21569527,"The Heart of Betrayal (The Remnant Chronicles, #2)",Mary E. Pearson,"Pearson, Mary E.",,"=""0805099247""","=""9780805099249""",4,4.15,Henry Holt and Co. (BYR),Hardcover,473,2015,2015,2023/07/03,2023/06/30,,,read,,,,1,0
16429619,"The Kiss of Deception (The Remnant Chronicles, #1)",Mary E. Pearson,"Pearson, Mary E.",,"=""""","=""""",3,3.91,Henry Holt,ebook,492,2014,2014,2023/06/30,2023/01/29,,,read,,,,1,0
40916679,"A Good Girl's Guide to Murder (A Good Girl's Guide to Murder, #1)",Holly  Jackson,"Jackson, Holly",,"=""1405293187""","=""9781405293181""",0,4.28,Electric Monkey,Paperback,433,2019,2019,,2023/06/19,to-read,to-read (#19),to-read,,,,0,0
18619684,The Time Traveler's Wife,Audrey Niffenegger,"Niffenegger, Audrey",,"=""1939126010""","=""9781939126016""",0,4.00,Zola Books,ebook,537,2013,2003,,2023/03/30,to-read,to-read (#18),to-read,,,,0,0
7126,The Count of Monte Cristo,Alexandre Dumas,"Dumas, Alexandre",Robin Buss,"=""0140449264""","=""9780140449266""",0,4.33,Penguin Classics,Paperback,1276,2003,1844,,2023/03/03,to-read,to-read (#17),to-read,,,,0,0
52122096,Manacled,SenLinYu,"SenLinYu, SenLinYu",,"=""""","=""""",5,4.62,Archive of Our Own,Hardcover,925,2018,2019,2023/02/28,2023/02/27,,,read,,,,1,0
6148028,"Catching Fire (The Hunger Games, #2)",Suzanne Collins,"Collins, Suzanne",,"=""0439023491""","=""9780439023498""",5,4.36,Scholastic Press,Hardcover,391,2009,2009,,2023/02/27,,,read,,,,1,0
16068905,Fangirl,Rainbow Rowell,"Rowell, Rainbow",,"=""""","=""""",5,3.93,St. Martin's Griffin,ebook,483,2013,2013,,2023/02/27,,,read,,,,1,0
6294,"Howl’s Moving Castle (Howl’s Moving Castle, #1)",Diana Wynne Jones,"Jones, Diana Wynne",,"=""006441034X""","=""9780064410342""",4,4.28,Harper Trophy,Mass Market Paperback,329,2001,1986,,2023/02/27,,,read,,,,1,0
33385229,"They Both Die at the End (They Both Die at the End, #1)",Adam Silvera,"Silvera, Adam",,"=""0062457799""","=""9780062457790""",4,3.75,Quill Tree Books,Hardcover,389,2017,2017,,2023/02/27,,,read,,,,1,0
32768522,"Carry On (Simon Snow, #1)",Rainbow Rowell,"Rowell, Rainbow",,"=""1250135028""","=""9781250135025""",0,4.16,Wednesday Books,Paperback,528,2017,2015,,2023/02/27,to-read,to-read (#13),to-read,,,,0,0
18705209,"The Blood of Olympus (The Heroes of Olympus, #5)",Rick Riordan,"Riordan, Rick",,"=""""","=""""",0,4.43,Disney-Hyperion Books,Hardcover,516,2014,2014,,2023/02/27,to-read,to-read (#12),to-read,,,,0,0
28187,"The Lightning Thief (Percy Jackson and the Olympians, #1)",Rick Riordan,"Riordan, Rick",,"=""0786838655""","=""9780786838653""",5,4.31,Disney Hyperion Books,Paperback,377,2006,2005,,2023/02/27,,,read,,,,1,0
23587120,"When a Scot Ties the Knot (Castles Ever After, #3)",Tessa Dare,"Dare, Tessa",,"=""0062349031""","=""9780062349033""",4,3.91,Avon,Kindle Edition,390,2015,2015,2022/09/27,2022/08/19,,,read,,,,1,0
12000020,"Aristotle and Dante Discover the Secrets of the Universe (Aristotle and Dante, #1)",Benjamin Alire Sáenz,"Sáenz, Benjamin Alire",,"=""1442408928""","=""9781442408920""",0,4.28,Simon & Schuster Books for Young Readers,Hardcover,390,2012,2012,,2022/08/31,to-read,to-read (#7),to-read,,,,0,0
52439531,"The Inheritance Games (The Inheritance Games, #1)",Jennifer Lynn Barnes,"Barnes, Jennifer Lynn",,"=""1368052401""","=""9781368052405""",0,4.12,"Little, Brown Books for Young Readers",Hardcover,386,2020,2020,,2022/08/30,to-read,to-read (#6),to-read,,,,0,0
1885,Pride and Prejudice,Jane Austen,"Austen, Jane",Anna Quindlen,"=""1441341706""","=""9781441341709""",0,4.30,Modern Library,Paperback,279,2023,1813,,2022/08/29,to-read,to-read (#5),to-read,,,,0,0
27362503,"It Ends with Us (It Ends with Us, #1)",Colleen Hoover,"Hoover, Colleen",,"=""1668021048""","=""9781668021040""",1,4.08,Atria Books,Kindle Edition,386,2023,2016,,2022/06/19,,,read,,,,1,0
58636977,"Triple Threat (Deception Duet, #1)",K. Webster,"Webster, K.",,"=""1953553451""","=""9781953553454""",0,3.68,Dangerous Press,Kindle Edition,366,2022,2022,,2022/08/27,to-read,to-read (#4),to-read,,,,0,0
40097951,The Silent Patient,Alex Michaelides,"Michaelides, Alex",,"=""1250301696""","=""9781250301697""",0,4.17,Celadon Books,Hardcover,336,2019,2019,,2022/08/13,to-read,to-read (#3),to-read,,,,0,0
54304013,Shipped,Angie Hockman,"Hockman, Angie",,"=""1982151595""","=""9781982151591""",4,3.63,Gallery Books,Paperback,336,2021,2021,,2022/06/19,,,read,,,,1,0
53415121,The Ex Talk,Rachel Lynn Solomon,"Solomon, Rachel Lynn",,"=""""","=""""",4,3.66,Berkley,Kindle Edition,345,2021,2021,,2022/06/19,,,read,,,,1,0
55711665,"To Sir, with Love",Lauren Layne,"Layne, Lauren",,"=""1982152818""","=""9781982152819""",5,3.81,Gallery Books,Paperback,288,2021,2021,,2022/06/19,,,read,,,,1,0
52831200,"From Blood and Ash (Blood and Ash, #1)",Jennifer L. Armentrout,"Armentrout, Jennifer L.",,"=""1952457017""","=""9781952457012""",4,4.21,Blue Box Press,ebook,622,2020,2020,,2022/06/19,,,read,,,,1,0
23437156,"Six of Crows (Six of Crows, #1)",Leigh Bardugo,"Bardugo, Leigh",,"=""1627792120""","=""9781627792127""",4,4.46,Henry Holt & Company,Hardcover,480,2015,2015,,2022/06/19,,,read,,,,1,0
50623864,The Invisible Life of Addie LaRue,V.E. Schwab,"Schwab, V.E.",Victoria Schwab,"=""0765387565""","=""9780765387561""",5,4.16,Tor Books,Hardcover,448,2020,2020,,2022/06/19,,,read,,,,1,0
54985743,People We Meet on Vacation,Emily Henry,"Henry, Emily",,"=""1984806750""","=""9781984806758""",3,3.85,"A Jove Book, Berkley",Paperback,361,2021,2021,,2022/06/19,,,read,,,,1,0
54660653,Twice Shy,Sarah Hogle,"Hogle, Sarah",,"=""0593085531""","=""9780593085530""",5,3.64,G.P. Putnam's Sons,Paperback,302,2021,2021,,2022/06/19,,,read,,,,1,0
50027029,"You Deserve Each Other (You Deserve Each Other, #1)",Sarah Hogle,"Hogle, Sarah",,"=""""","=""""",4,3.86,G.P. Putnam's Sons,Kindle Edition,368,2020,2020,,2022/06/19,,,read,,,,1,0
52867387,Beach Read,Emily Henry,"Henry, Emily",,"=""1984806734""","=""9781984806734""",5,3.97,Berkley,Paperback,358,2020,2020,,2022/06/19,,,read,,,,1,0
56732449,The Love Hypothesis,Ali Hazelwood,"Hazelwood, Ali",,"=""0593336828""","=""9780593336823""",5,4.10,Berkley Books,Paperback,400,2021,2021,,2022/06/19,,,read,,,,1,0
2767052,"The Hunger Games (The Hunger Games, #1)",Suzanne Collins,"Collins, Suzanne",,"=""0439023483""","=""9780439023481""",5,4.35,Scholastic Press,Hardcover,374,2008,2008,,2022/06/19,,,read,,,,1,0
11870085,The Fault in Our Stars,John Green,"Green, John",,"=""""","=""""",3,4.12,Dutton Books,Hardcover,313,2012,2012,,2022/06/19,,,read,,,,1,0
3,"Harry Potter and the Sorcerer's Stone (Harry Potter, #1)",J.K. Rowling,"Rowling, J.K.",,"=""0439554934""","=""9780439554930""",4,4.47,Scholastic Inc,Hardcover,309,2003,1997,,2022/06/19,,,read,,,,1,0
