asin_date_and_content_type,personal_document_id,product_name
Not Applicable_2025-12-27_MANUAL,01CA9E9573B94A098A9DF27C38AAACEC,The Hunger Games
Not Applicable_2025-12-27_MANUAL,0371FD7659564EECBF5619A7A70F479F,The Cruel Prince
Not Applicable_2025-12-27_MANUAL,03B05E76226C4A548763F83B7CB38765,Morrighan
Not Applicable_2026-01-03_MANUAL,05B583E55E6E496F870ABD566734FAE8,Breath Mints Battle
Not Applicable_2026-01-27_AUTOMATIC,076B6578B4384616B5880A1E8B7FFD1A,Caraval
Not Applicable_2026-02-11_AUTOMATIC,19B3E1A0C08D4F828A835CC0580C675E,The Jasad Heir
Not Applicable_2025-12-27_MANUAL,1A09B927E0C74FABBDF6B99408596102,An Offer From a Gentleman
Not Applicable_2025-12-27_MANUAL,1BFD9C2CE04E41BE8F61D9D5FC8B2CE2,The Stolen Heir
Not Applicable_2026-01-06_AUTOMATIC,29073688D73B4C11AACA6D3D2351B60D,Love Across Time
Not Applicable_2025-12-27_MANUAL,2F042D33F61C4DBF86334A6A66CA8517,Ruin and Rising
Not Applicable_2026-01-03_MANUAL,2F883FEA625741178AEF4B1643608C21,Isolation
Not Applicable_2026-01-12_AUTOMATIC,3C62C94C637A4554B4472B6174DB48CD,at the last stroke of midnight
Not Applicable_2025-12-27_MANUAL,5CDCAF71DB6D402D89E05B2260602B20,Shadow and Bone
Not Applicable_2025-12-27_MANUAL,65C2E1E36CB6476D85D08DA0BAB4315D,Heartless
Not Applicable_2025-12-27_MANUAL,65C58212CC5F48189DDE802340E7C3F4,Siege and Storm
Not Applicable_2025-12-27_MANUAL,6DB4151DF8904BC1A980E5D385DF1973,Sunrise on the Reaping
Not Applicable_2026-01-03_MANUAL,78E7887F8D2943A88F71739E98C89633,Manacled
Not Applicable_2025-12-27_MANUAL,843B6E6378444886973A9D22D4817DB4,How the King of Elfhame Learned to Hate Stories
Not Applicable_2026-01-18_AUTOMATIC,847C8C95D06F4EC7A6E0439BA5EDA10C,something in the water
Not Applicable_2025-12-27_MANUAL,8692109AD459439F88FAE641650D6B75,The Ballad of Songbirds and Snakes
Not Applicable_2025-12-27_MANUAL,869557BDEFC34BD68FF084AC5D3B111C,The Kiss of Deception
Not Applicable_2025-12-29_AUTOMATIC,89064185C5624DE4993C5079369DE20C,What Should Be (and What Should Have Been)
Not Applicable_2025-12-27_MANUAL,9798730B0A0840F3A918225EBC7D7921,Mockingjay
Not Applicable_2025-12-27_MANUAL,9F9F1C5535E44D82B9728140DE86EAEC,The Lost Sisters
Not Applicable_2025-12-27_MANUAL,A1C6B344090845229203C819D000B053,The Beauty of Darkness
Not Applicable_2025-12-27_MANUAL,A36BEF5189814DAB8A04097CB0787E7A,Vow of Thieves
Not Applicable_2026-01-03_MANUAL,AE78ED9C066E419387279F75CE4F3CAC,Presque Toujours Pur
Not Applicable_2025-12-27_MANUAL,BD307ECAB3944A6F990D1BF37D044F3F,The Heart of Betrayal
Not Applicable_2025-12-27_MANUAL,C731787A62844547A2F3FE3FEDD51E7F,Catching Fire
Not Applicable_2025-12-27_MANUAL,CFE33D83BD364DE69DAF9EFAF2E7C709,The Wicked King
Not Applicable_2026-01-04_AUTOMATIC,D5EFF15011854195B68281249C44311E,marked in your heart
Not Applicable_2026-01-03_MANUAL,DD25ACB7A5614CA19F10396C00773EBE,The Auction
Not Applicable_2025-12-27_MANUAL,EE53B31620BE4474ACE4B9D7ED99E0BE,Dance of Thieves
Not Applicable_2025-12-27_MANUAL,F908C1F52C9F428585D65801506FC36A,The Queen of Nothing
Not Applicable_2026-01-12_AUTOMATIC,FE4FCD4E0BAD4791A6BF7DE6F9DD3AC3,then came you
